date,open,high,low,price_close,volume,close
2026-06-08,1.158,1.167,1.155,1.165,7202209,1.165
2026-06-05,1.16,1.17,1.16,1.16,5178363,1.16
2026-06-04,1.17,1.17,1.16,1.16,6075092,1.16
2026-06-03,1.18,1.18,1.16,1.17,8019358,1.17
2026-06-02,1.18,1.19,1.18,1.18,7373936,1.18
2026-06-01,1.17,1.18,1.16,1.18,8183643,1.18
2026-05-29,1.14,1.17,1.14,1.17,7962365,1.17
2026-05-28,1.15,1.16,1.14,1.14,6535306,1.14
2026-05-27,1.16,1.16,1.15,1.15,6381913,1.15
2026-05-26,1.15,1.16,1.15,1.16,5158246,1.16
2026-05-25,1.15,1.16,1.15,1.15,5209176,1.15
2026-05-22,1.16,1.16,1.15,1.16,8157214,1.16
2026-05-21,1.16,1.17,1.16,1.16,3862617,1.16
2026-05-20,1.17,1.17,1.16,1.16,4453389,1.16
2026-05-19,1.16,1.17,1.16,1.17,4559820,1.17
2026-05-18,1.16,1.17,1.16,1.16,6970855,1.16
2026-05-15,1.18,1.18,1.16,1.17,7292359,1.17
2026-05-14,1.18,1.18,1.17,1.18,4758781,1.18
2026-05-13,1.18,1.18,1.17,1.18,5106468,1.18
2026-05-12,1.18,1.18,1.17,1.18,6080718,1.18
2026-05-11,1.18,1.18,1.17,1.18,6552670,1.18
2026-05-08,1.18,1.18,1.18,1.18,4717912,1.18
2026-05-07,1.18,1.18,1.18,1.18,7595759,1.18
2026-05-06,1.19,1.19,1.18,1.18,7710497,1.18
2026-04-30,1.2,1.2,1.19,1.19,7508592,1.19
2026-04-29,1.19,1.2,1.19,1.2,5064006,1.2
2026-04-28,1.19,1.19,1.19,1.19,4919056,1.19
2026-04-27,1.2,1.2,1.19,1.19,7054988,1.19
2026-04-24,1.2,1.2,1.19,1.2,6349638,1.2
2026-04-23,1.19,1.2,1.19,1.2,5038457,1.2
2026-04-22,1.2,1.2,1.19,1.19,3267805,1.19
2026-04-21,1.19,1.2,1.19,1.2,5004676,1.2
2026-04-20,1.18,1.19,1.18,1.19,5538224,1.19
2026-04-17,1.19,1.19,1.18,1.18,5409391,1.18
2026-04-16,1.19,1.19,1.19,1.19,4883968,1.19
2026-04-15,1.18,1.19,1.18,1.19,6669198,1.19
2026-04-14,1.18,1.18,1.18,1.18,4521595,1.18
2026-04-13,1.18,1.18,1.17,1.18,5911433,1.18
2026-04-10,1.18,1.19,1.18,1.18,5183802,1.18
2026-04-09,1.19,1.19,1.18,1.18,4827044,1.18
2026-04-08,1.18,1.19,1.18,1.19,7059633,1.19
2026-04-07,1.19,1.19,1.18,1.18,5622955,1.18
2026-04-03,1.2,1.2,1.18,1.19,9041118,1.19
2026-04-02,1.2,1.2,1.2,1.2,7076669,1.2
2026-04-01,1.2,1.21,1.2,1.2,5824470,1.2
2026-03-31,1.19,1.21,1.19,1.2,6383125,1.2
2026-03-30,1.18,1.19,1.18,1.19,6215118,1.19
2026-03-27,1.18,1.19,1.18,1.18,6031973,1.18
2026-03-26,1.19,1.19,1.18,1.19,5264498,1.19
2026-03-25,1.18,1.19,1.17,1.19,8438105,1.19
2026-03-24,1.16,1.18,1.16,1.18,7750521,1.18
2026-03-23,1.19,1.19,1.15,1.16,12345276,1.16
2026-03-20,1.2,1.21,1.2,1.2,5743151,1.2
2026-03-19,1.2,1.21,1.2,1.2,5873747,1.2
2026-03-18,1.21,1.21,1.2,1.2,7544368,1.2
2026-03-17,1.2,1.21,1.2,1.21,4753267,1.21
2026-03-16,1.21,1.21,1.2,1.21,7622685,1.21
2026-03-13,1.2,1.21,1.2,1.21,5583094,1.21
2026-03-12,1.2,1.21,1.19,1.2,4795029,1.2
2026-03-11,1.18,1.2,1.18,1.2,6019153,1.2
2026-03-10,1.18,1.19,1.18,1.19,4527513,1.19
2026-03-09,1.19,1.2,1.18,1.19,11680920,1.19
2026-03-06,1.18,1.19,1.18,1.19,5805774,1.19
2026-03-05,1.18,1.19,1.17,1.18,5721435,1.18
2026-03-04,1.19,1.19,1.17,1.18,11109682,1.18
2026-03-03,1.18,1.2,1.18,1.2,12015156,1.2
2026-03-02,1.17,1.18,1.17,1.18,7777120,1.18
2026-02-27,1.17,1.17,1.17,1.17,4455340,1.17
2026-02-26,1.17,1.18,1.16,1.17,4992802,1.17
2026-02-25,1.17,1.18,1.17,1.17,8081199,1.17
2026-02-24,1.17,1.18,1.17,1.17,4393234,1.17
2026-02-13,1.18,1.18,1.17,1.17,6457655,1.17
2026-02-12,1.19,1.19,1.18,1.18,5988615,1.18
2026-02-11,1.19,1.19,1.18,1.19,3963651,1.19
2026-02-10,1.18,1.19,1.18,1.19,4070762,1.19
2026-02-09,1.18,1.18,1.17,1.18,6036145,1.18
2026-02-06,1.18,1.18,1.17,1.18,6821132,1.18
2026-02-05,1.17,1.18,1.17,1.18,7544416,1.18
2026-02-04,1.15,1.17,1.15,1.17,6182244,1.17
2026-02-03,1.15,1.16,1.14,1.15,7543115,1.15
2026-02-02,1.17,1.17,1.15,1.15,8253242,1.15
2026-01-30,1.17,1.18,1.16,1.17,8147957,1.17
2026-01-29,1.15,1.17,1.15,1.17,7554576,1.17
2026-01-28,1.15,1.16,1.14,1.15,6196813,1.15
2026-01-27,1.16,1.16,1.15,1.15,7648733,1.15
2026-01-26,1.15,1.16,1.15,1.16,6298648,1.16
2026-01-23,1.15,1.15,1.15,1.15,5650693,1.15
2026-01-22,1.15,1.16,1.15,1.15,5914032,1.15
2026-01-21,1.16,1.16,1.15,1.15,7879853,1.15
2026-01-20,1.14,1.16,1.14,1.16,9913432,1.16
2026-01-19,1.14,1.15,1.14,1.14,6576319,1.14
2026-01-16,1.15,1.16,1.14,1.14,9197519,1.14
2026-01-15,1.16,1.16,1.15,1.15,5218086,1.15
2026-01-14,1.17,1.17,1.16,1.16,8290457,1.16
2026-01-13,1.16,1.17,1.16,1.17,9470158,1.17
2026-01-12,1.16,1.16,1.16,1.16,8296798,1.16
2026-01-09,1.16,1.16,1.16,1.16,6631652,1.16
2026-01-08,1.17,1.17,1.16,1.16,6509507,1.16
2026-01-07,1.17,1.18,1.17,1.17,4592864,1.17
2026-01-06,1.17,1.18,1.17,1.17,10032780,1.17
2026-01-05,1.18,1.18,1.17,1.17,8092287,1.17
2025-12-31,1.18,1.18,1.17,1.18,5660129,1.18
2025-12-30,1.17,1.18,1.17,1.18,4073740,1.18
2025-12-29,1.18,1.18,1.17,1.18,4846698,1.18
2025-12-26,1.18,1.18,1.17,1.18,3933813,1.18
2025-12-25,1.18,1.18,1.17,1.18,4429043,1.18
2025-12-24,1.17,1.18,1.17,1.18,4398274,1.18
2025-12-23,1.17,1.18,1.17,1.17,4337250,1.17
2025-12-22,1.18,1.18,1.17,1.17,6357585,1.17
2025-12-19,1.18,1.19,1.18,1.18,6132646,1.18
2025-12-18,1.17,1.18,1.17,1.18,5226024,1.18
2025-12-17,1.17,1.17,1.16,1.17,4226664,1.17
2025-12-16,1.18,1.18,1.17,1.17,5148522,1.17
2025-12-15,1.17,1.18,1.17,1.18,4931181,1.18
2025-12-12,1.17,1.18,1.17,1.17,5209792,1.17
2025-12-11,1.18,1.18,1.17,1.17,5626899,1.17
2025-12-10,1.18,1.19,1.17,1.18,3655979,1.18
2025-12-09,1.19,1.19,1.18,1.18,8161288,1.18
2025-12-08,1.19,1.19,1.19,1.19,4434785,1.19
2025-12-05,1.2,1.2,1.19,1.19,6553025,1.19
2025-12-04,1.2,1.21,1.2,1.2,4941449,1.2
2025-12-03,1.21,1.21,1.2,1.2,6457395,1.2
2025-12-02,1.21,1.21,1.21,1.21,4214352,1.21
2025-12-01,1.2,1.21,1.2,1.21,6444586,1.21
2025-11-28,1.2,1.21,1.2,1.2,4166746,1.2
2025-11-27,1.2,1.21,1.2,1.21,4216893,1.21
2025-11-26,1.21,1.21,1.2,1.2,5695181,1.2
2025-11-25,1.2,1.21,1.2,1.21,6934672,1.21
2025-11-24,1.21,1.22,1.2,1.2,4471537,1.2
2025-11-21,1.22,1.23,1.21,1.21,9356392,1.21
2025-11-20,1.22,1.24,1.21,1.23,7238702,1.23
2025-11-19,1.22,1.22,1.22,1.22,8773761,1.22
2025-11-18,1.22,1.23,1.21,1.22,6242098,1.22
2025-11-17,1.23,1.24,1.22,1.22,5085945,1.22
2025-11-14,1.24,1.25,1.24,1.24,4355600,1.24
2025-11-13,1.24,1.25,1.23,1.24,5095052,1.24
2025-11-12,1.23,1.25,1.23,1.24,5601328,1.24
2025-11-11,1.23,1.23,1.22,1.23,3913158,1.23
2025-11-10,1.22,1.23,1.21,1.23,4970860,1.23
2025-11-07,1.22,1.22,1.22,1.22,4024036,1.22
2025-11-06,1.22,1.22,1.21,1.22,3750806,1.22
2025-11-05,1.22,1.22,1.21,1.22,4830508,1.22
2025-11-04,1.2,1.22,1.2,1.22,7514109,1.22
2025-11-03,1.19,1.21,1.19,1.2,4588786,1.2
2025-10-31,1.19,1.19,1.18,1.19,4510713,1.19
2025-10-30,1.19,1.2,1.19,1.19,4435020,1.19
2025-10-29,1.2,1.2,1.18,1.19,5805445,1.19
2025-10-28,1.2,1.2,1.19,1.2,3646976,1.2
2025-10-27,1.19,1.2,1.19,1.2,8211433,1.2
2025-10-24,1.2,1.21,1.2,1.2,7254640,1.2
2025-10-23,1.2,1.21,1.2,1.21,3893271,1.21
2025-10-22,1.19,1.2,1.19,1.2,4210273,1.2
2025-10-21,1.18,1.19,1.18,1.19,5811620,1.19
2025-10-20,1.19,1.19,1.17,1.19,7444227,1.19
2025-10-17,1.19,1.2,1.18,1.19,10410989,1.19
2025-10-16,1.18,1.19,1.18,1.19,6641678,1.19
2025-10-15,1.18,1.18,1.17,1.18,9723090,1.18
2025-10-14,1.16,1.18,1.15,1.18,10123358,1.18
2025-10-13,1.15,1.16,1.14,1.16,10060687,1.16
2025-10-10,1.14,1.15,1.14,1.15,5451031,1.15
2025-10-09,1.14,1.14,1.13,1.14,3855682,1.14
2025-09-30,1.15,1.15,1.14,1.14,4841918,1.14
2025-09-29,1.15,1.16,1.14,1.15,3813359,1.15
2025-09-26,1.15,1.15,1.14,1.15,3064401,1.15
2025-09-25,1.16,1.16,1.15,1.15,2506558,1.15
2025-09-24,1.16,1.16,1.15,1.16,2965063,1.16
2025-09-23,1.15,1.16,1.14,1.16,4768138,1.16
2025-09-22,1.16,1.16,1.15,1.15,2838516,1.15
2025-09-19,1.15,1.16,1.15,1.16,3098748,1.16
2025-09-18,1.17,1.18,1.15,1.15,5756448,1.15
2025-09-17,1.17,1.18,1.17,1.18,3654209,1.18
2025-09-16,1.18,1.18,1.17,1.17,3846358,1.17
2025-09-15,1.18,1.18,1.17,1.17,4383281,1.17
2025-09-12,1.19,1.19,1.18,1.18,3039295,1.18
2025-09-11,1.19,1.19,1.18,1.19,3333541,1.19
2025-09-10,1.19,1.19,1.18,1.19,2204608,1.19
2025-09-09,1.19,1.19,1.18,1.19,2819114,1.19
2025-09-08,1.18,1.19,1.18,1.19,3027758,1.19
2025-09-05,1.19,1.19,1.18,1.19,3445357,1.19
2025-09-04,1.19,1.19,1.17,1.19,4805634,1.19
2025-09-03,1.2,1.2,1.18,1.19,4832740,1.19
2025-09-02,1.19,1.2,1.19,1.2,4048948,1.2
2025-09-01,1.19,1.2,1.19,1.19,4034757,1.19
2025-08-29,1.2,1.21,1.19,1.19,3285454,1.19
2025-08-28,1.2,1.2,1.19,1.2,3799989,1.2
2025-08-27,1.21,1.22,1.2,1.2,5072787,1.2
2025-08-26,1.22,1.22,1.21,1.22,3035343,1.22
2025-08-25,1.21,1.22,1.21,1.22,4499530,1.22
2025-08-22,1.21,1.21,1.2,1.21,3156459,1.21
2025-08-21,1.21,1.21,1.2,1.21,3916371,1.21
2025-08-20,1.2,1.21,1.19,1.21,3721719,1.21
2025-08-19,1.2,1.2,1.19,1.2,3514857,1.2
2025-08-18,1.19,1.2,1.19,1.2,5079024,1.2
2025-08-15,1.2,1.2,1.19,1.2,4575554,1.2
2025-08-14,1.2,1.21,1.2,1.2,3536393,1.2
2025-08-13,1.2,1.21,1.2,1.2,3705458,1.2
2025-08-12,1.2,1.21,1.2,1.2,2744768,1.2
2025-08-11,1.21,1.21,1.2,1.2,6401540,1.2
2025-08-08,1.21,1.21,1.2,1.21,2818922,1.21
2025-08-07,1.2,1.21,1.2,1.21,2982263,1.21
2025-08-06,1.2,1.2,1.2,1.2,3802381,1.2
2025-08-05,1.19,1.2,1.19,1.2,3992834,1.2
2025-08-04,1.18,1.19,1.18,1.19,4689917,1.19
2025-08-01,1.18,1.19,1.17,1.18,3575665,1.18
2025-07-31,1.19,1.19,1.18,1.18,5292901,1.18
2025-07-30,1.19,1.2,1.19,1.19,4335966,1.19
2025-07-29,1.2,1.2,1.19,1.19,4310558,1.19
2025-07-28,1.2,1.2,1.19,1.2,3788642,1.2
2025-07-25,1.21,1.21,1.2,1.2,5081028,1.2
2025-07-24,1.22,1.22,1.21,1.21,5796508,1.21
2025-07-23,1.22,1.23,1.22,1.22,4743945,1.22
2025-07-22,1.21,1.22,1.2,1.21,6377247,1.21
2025-07-21,1.21,1.22,1.21,1.21,4173355,1.21
2025-07-18,1.21,1.22,1.21,1.21,4452948,1.21
2025-07-17,1.21,1.21,1.21,1.21,6808947,1.21
2025-07-16,1.22,1.22,1.21,1.21,6124285,1.21
2025-07-15,1.23,1.23,1.21,1.22,5996822,1.22
2025-07-14,1.22,1.23,1.22,1.23,4879193,1.23
2025-07-11,1.23,1.24,1.22,1.22,7453726,1.22
2025-07-10,1.22,1.23,1.22,1.23,2608495,1.23
2025-07-09,1.21,1.23,1.21,1.22,4007273,1.22
2025-07-08,1.22,1.22,1.21,1.22,3488584,1.22
2025-07-07,1.21,1.22,1.21,1.22,3201919,1.22
2025-07-04,1.2,1.22,1.2,1.21,3853610,1.21
2025-07-03,1.2,1.21,1.2,1.2,3877320,1.2
2025-07-02,1.2,1.21,1.2,1.2,3436876,1.2
2025-07-01,1.19,1.2,1.19,1.2,3188777,1.2
2025-06-30,1.18,1.19,1.18,1.19,4212252,1.19
2025-06-27,1.21,1.21,1.19,1.19,7838908,1.19
2025-06-26,1.2,1.21,1.2,1.21,2749692,1.21
2025-06-25,1.19,1.2,1.19,1.2,2940735,1.2
2025-06-24,1.19,1.19,1.18,1.19,2604297,1.19
2025-06-23,1.18,1.19,1.17,1.19,2653469,1.19
2025-06-20,1.18,1.18,1.17,1.18,2566441,1.18
2025-06-19,1.18,1.18,1.17,1.18,2447781,1.18
2025-06-18,1.17,1.18,1.17,1.18,2896925,1.18
2025-06-17,1.18,1.18,1.17,1.17,2200686,1.17
2025-06-16,1.17,1.18,1.16,1.18,2333022,1.18
2025-06-13,1.18,1.18,1.17,1.17,7943733,1.17
2025-06-12,1.17,1.18,1.17,1.18,2143303,1.18
2025-06-11,1.17,1.17,1.17,1.17,1452589,1.17
2025-06-10,1.17,1.18,1.17,1.17,3009587,1.17
2025-06-09,1.17,1.17,1.16,1.17,5100966,1.17
2025-06-06,1.17,1.17,1.17,1.17,2281475,1.17
2025-06-05,1.17,1.18,1.16,1.17,7290635,1.17
2025-06-04,1.17,1.18,1.17,1.17,2275469,1.17
2025-06-03,1.16,1.17,1.16,1.17,2737945,1.17
2025-05-30,1.15,1.16,1.15,1.16,2741563,1.16
2025-05-29,1.15,1.16,1.15,1.15,4568498,1.15
2025-05-28,1.15,1.16,1.15,1.15,1860115,1.15
2025-05-27,1.15,1.15,1.15,1.15,2537202,1.15
2025-05-26,1.15,1.15,1.14,1.15,5154227,1.15
2025-05-23,1.16,1.17,1.15,1.15,3512245,1.15
2025-05-22,1.16,1.16,1.15,1.16,2312349,1.16
2025-05-21,1.15,1.16,1.15,1.16,2145223,1.16
2025-05-20,1.14,1.15,1.14,1.15,2413843,1.15
2025-05-19,1.14,1.15,1.14,1.14,1927285,1.14
2025-05-16,1.15,1.15,1.14,1.14,2708058,1.14
2025-05-15,1.15,1.16,1.15,1.15,2961505,1.15
2025-05-14,1.14,1.15,1.14,1.15,3371641,1.15
2025-05-13,1.13,1.15,1.13,1.14,2903447,1.14
2025-05-12,1.13,1.14,1.13,1.13,3641030,1.13
2025-05-09,1.12,1.13,1.12,1.13,3414349,1.13
2025-05-08,1.12,1.13,1.12,1.12,2688679,1.12
2025-05-07,1.11,1.12,1.11,1.12,2478784,1.12
2025-05-06,1.11,1.11,1.1,1.11,3644964,1.11
2025-04-30,1.13,1.13,1.11,1.11,7275387,1.11
2025-04-29,1.13,1.13,1.13,1.13,2492052,1.13
2025-04-28,1.12,1.13,1.12,1.13,4245755,1.13
2025-04-25,1.13,1.13,1.12,1.13,2450984,1.13
2025-04-24,1.12,1.13,1.12,1.13,3337050,1.13
2025-04-23,1.12,1.12,1.11,1.12,2740210,1.12
2025-04-22,1.12,1.12,1.11,1.12,2599283,1.12
2025-04-21,1.12,1.13,1.11,1.11,4548786,1.11
2025-04-18,1.12,1.12,1.12,1.12,2328792,1.12
2025-04-17,1.11,1.12,1.11,1.12,2406760,1.12
2025-04-16,1.1,1.12,1.1,1.12,3864371,1.12
2025-04-15,1.1,1.11,1.09,1.11,2331842,1.11
2025-04-14,1.09,1.1,1.09,1.1,2783425,1.1
2025-04-11,1.09,1.09,1.08,1.09,3542016,1.09
2025-04-10,1.09,1.1,1.08,1.09,4430997,1.09
2025-04-09,1.08,1.09,1.06,1.09,6359361,1.09
2025-04-08,1.07,1.09,1.06,1.09,5530893,1.09
2025-04-07,1.11,1.11,1.04,1.06,9033686,1.06
2025-04-03,1.12,1.13,1.12,1.13,3688667,1.13
2025-04-02,1.11,1.12,1.11,1.12,2553192,1.12
2025-04-01,1.11,1.12,1.11,1.12,2949802,1.12
2025-03-31,1.11,1.12,1.11,1.11,3728184,1.11
2025-03-28,1.12,1.12,1.11,1.11,3658647,1.11
2025-03-27,1.11,1.12,1.11,1.12,3381137,1.12
2025-03-26,1.11,1.12,1.11,1.11,3869195,1.11
2025-03-25,1.11,1.12,1.11,1.12,2773623,1.12
2025-03-24,1.1,1.11,1.1,1.11,2079479,1.11
2025-03-21,1.1,1.11,1.1,1.1,4079126,1.1
2025-03-20,1.11,1.11,1.1,1.11,3960304,1.11
2025-03-19,1.1,1.11,1.1,1.11,1700682,1.11
2025-03-18,1.11,1.11,1.1,1.1,2015759,1.1
2025-03-17,1.1,1.11,1.1,1.1,1999759,1.1
2025-03-14,1.09,1.1,1.09,1.1,2614531,1.1
2025-03-13,1.09,1.09,1.08,1.09,2722476,1.09
2025-03-12,1.08,1.09,1.08,1.09,1858186,1.09
2025-03-11,1.08,1.09,1.07,1.08,3266735,1.08
2025-03-10,1.09,1.09,1.08,1.08,2286356,1.08
2025-03-07,1.09,1.09,1.08,1.09,3810758,1.09
2025-03-06,1.09,1.09,1.08,1.09,4039856,1.09
2025-03-05,1.08,1.09,1.08,1.09,2201456,1.09
2025-03-04,1.08,1.09,1.08,1.08,1545811,1.08
2025-03-03,1.08,1.09,1.08,1.08,3837587,1.08
2025-02-28,1.09,1.09,1.08,1.08,3542247,1.08
2025-02-27,1.08,1.09,1.08,1.09,4632600,1.09
2025-02-26,1.07,1.08,1.07,1.08,3280706,1.08
2025-02-25,1.08,1.08,1.07,1.07,2460890,1.07
2025-02-24,1.08,1.08,1.08,1.08,2749712,1.08
2025-02-21,1.09,1.09,1.08,1.08,6919308,1.08
2025-02-20,1.09,1.09,1.09,1.09,3552135,1.09
2025-02-19,1.09,1.09,1.09,1.09,2624857,1.09
2025-02-18,1.09,1.1,1.09,1.1,4277275,1.1
2025-02-17,1.09,1.1,1.09,1.09,3689230,1.09
2025-02-14,1.09,1.1,1.09,1.09,3827126,1.09
2025-02-13,1.09,1.1,1.09,1.09,3400605,1.09
2025-02-12,1.09,1.09,1.08,1.09,3626286,1.09
2025-02-11,1.08,1.09,1.08,1.09,4218663,1.09
2025-02-10,1.08,1.08,1.08,1.08,3035317,1.08
2025-02-07,1.08,1.08,1.07,1.08,4614307,1.08
2025-02-06,1.08,1.08,1.07,1.08,3407471,1.08
2025-02-05,1.1,1.1,1.08,1.08,4061203,1.08
2025-01-27,1.09,1.1,1.08,1.1,2825034,1.1
2025-01-24,1.08,1.09,1.07,1.08,3222629,1.08
2025-01-23,1.07,1.08,1.07,1.08,3050142,1.08
2025-01-22,1.08,1.08,1.06,1.06,3288491,1.06
2025-01-21,1.09,1.09,1.07,1.08,2199804,1.08
2025-01-20,1.09,1.09,1.08,1.09,1918106,1.09
2025-01-17,1.09,1.09,1.08,1.08,2218250,1.08
2025-01-16,1.08,1.09,1.08,1.09,1474926,1.09
2025-01-15,1.07,1.09,1.07,1.08,2407234,1.08
2025-01-14,1.06,1.08,1.06,1.07,2732172,1.07
2025-01-13,1.07,1.07,1.05,1.06,3405709,1.06
2025-01-10,1.08,1.09,1.07,1.07,3149556,1.07
2025-01-09,1.09,1.09,1.08,1.08,3062338,1.08
2025-01-08,1.09,1.1,1.08,1.1,3164004,1.1
2025-01-07,1.09,1.09,1.08,1.09,3145316,1.09
2025-01-06,1.09,1.09,1.07,1.09,5208762,1.09
2025-01-03,1.1,1.11,1.08,1.09,5434431,1.09
2025-01-02,1.12,1.13,1.09,1.1,7048268,1.1
2024-12-31,1.13,1.14,1.12,1.12,4981641,1.12
2024-12-30,1.12,1.13,1.12,1.13,3633875,1.13
2024-12-27,1.12,1.12,1.11,1.12,3964643,1.12
2024-12-26,1.12,1.12,1.11,1.12,2361162,1.12
2024-12-25,1.12,1.13,1.12,1.12,3535162,1.12
2024-12-24,1.1,1.12,1.1,1.12,3657738,1.12
2024-12-23,1.1,1.11,1.1,1.11,3362035,1.11
2024-12-20,1.11,1.11,1.1,1.1,4558593,1.1
2024-12-19,1.12,1.12,1.11,1.11,5110160,1.11
2024-12-18,1.12,1.13,1.12,1.12,5096041,1.12
2024-12-17,1.12,1.13,1.11,1.11,5316433,1.11
2024-12-16,1.1,1.13,1.1,1.12,3878200,1.12
2024-12-13,1.12,1.12,1.1,1.1,2228306,1.1
2024-12-12,1.12,1.13,1.12,1.12,2364056,1.12
2024-12-11,1.12,1.13,1.12,1.12,2090417,1.12
2024-12-10,1.14,1.15,1.12,1.12,6454014,1.12
2024-12-09,1.12,1.13,1.11,1.12,5541493,1.12
2024-12-06,1.1,1.12,1.1,1.12,10718208,1.12
2024-12-05,1.1,1.11,1.1,1.1,4568294,1.1
2024-12-04,1.1,1.11,1.09,1.1,4748495,1.1
2024-12-03,1.09,1.1,1.08,1.1,3984755,1.1
2024-12-02,1.09,1.09,1.08,1.09,1879928,1.09
2024-11-29,1.08,1.09,1.08,1.09,1314755,1.09
2024-11-28,1.09,1.09,1.08,1.08,988231,1.08
2024-11-27,1.07,1.09,1.06,1.09,3514486,1.09
2024-11-26,1.07,1.08,1.07,1.07,2468478,1.07
2024-11-25,1.07,1.08,1.07,1.07,2663888,1.07
2024-11-22,1.1,1.1,1.07,1.07,2195338,1.07
2024-11-21,1.1,1.1,1.09,1.1,1814177,1.1
2024-11-20,1.09,1.1,1.09,1.1,1286981,1.1
2024-11-19,1.1,1.1,1.08,1.1,1527630,1.1
2024-11-18,1.08,1.11,1.08,1.1,3283326,1.1
2024-11-15,1.08,1.09,1.07,1.08,1384668,1.08
2024-11-14,1.08,1.09,1.08,1.08,1121125,1.08
2024-11-13,1.08,1.09,1.08,1.09,1452414,1.09
2024-11-12,1.09,1.1,1.08,1.08,2946644,1.08
2024-11-11,1.1,1.1,1.08,1.09,1500151,1.09
2024-11-08,1.12,1.12,1.09,1.1,2312510,1.1
2024-11-07,1.09,1.12,1.09,1.11,2833873,1.11
2024-11-06,1.1,1.1,1.09,1.1,2040750,1.1
2024-11-05,1.08,1.1,1.08,1.1,2131836,1.1
2024-11-04,1.08,1.09,1.07,1.09,1106048,1.09
2024-11-01,1.06,1.08,1.06,1.08,2057483,1.08
2024-10-31,1.06,1.07,1.06,1.06,3094210,1.06
2024-10-30,1.07,1.08,1.06,1.07,1635226,1.07
2024-10-29,1.09,1.09,1.07,1.07,1869235,1.07
2024-10-28,1.08,1.09,1.08,1.09,1609062,1.09
2024-10-25,1.09,1.09,1.08,1.09,1017512,1.09
2024-10-24,1.09,1.09,1.09,1.09,780740,1.09
2024-10-23,1.1,1.1,1.09,1.1,2551642,1.1
2024-10-22,1.09,1.1,1.09,1.1,1288379,1.1
2024-10-21,1.1,1.1,1.09,1.09,3922116,1.09
2024-10-18,1.09,1.11,1.08,1.1,4284343,1.1
2024-10-17,1.11,1.12,1.09,1.1,1860674,1.1
2024-10-16,1.08,1.12,1.08,1.11,2429611,1.11
2024-10-15,1.11,1.12,1.09,1.09,2202471,1.09
2024-10-14,1.09,1.12,1.09,1.11,3860666,1.11
2024-10-11,1.11,1.11,1.07,1.08,4553454,1.08
2024-10-10,1.05,1.13,1.05,1.1,5258854,1.1
2024-10-09,1.12,1.12,1.05,1.05,6026260,1.05
2024-10-08,1.22,1.24,1.11,1.14,4960306,1.14
2024-09-30,1.07,1.14,1.07,1.13,8563937,1.13
2024-09-27,1.07,1.08,1.04,1.06,3011192,1.06
2024-09-26,1.03,1.06,1.03,1.06,3788704,1.06
2024-09-25,1.03,1.05,1.03,1.03,3633597,1.03
2024-09-24,0.98,1.02,0.98,1.02,4495070,1.02
2024-09-23,0.96,0.98,0.96,0.97,2051718,0.97
2024-09-20,0.96,0.96,0.95,0.96,1559812,0.96
2024-09-19,0.96,0.96,0.95,0.96,1386529,0.96
2024-09-18,0.95,0.96,0.94,0.96,1812908,0.96
2024-09-13,0.95,0.96,0.95,0.95,2020806,0.95
2024-09-12,0.94,0.95,0.94,0.95,2544108,0.95
2024-09-11,0.96,0.97,0.94,0.94,2450383,0.94
2024-09-10,0.97,0.97,0.96,0.97,1999749,0.97
2024-09-09,0.98,0.98,0.96,0.97,2392488,0.97
2024-09-06,0.99,1.0,0.98,0.98,1564553,0.98
2024-09-05,0.99,1.0,0.99,0.99,1037923,0.99
2024-09-04,0.99,1.0,0.99,0.99,1321946,0.99
2024-09-03,1.01,1.01,0.99,1.0,1932464,1.0
2024-09-02,1.0,1.01,1.0,1.01,1685976,1.01
2024-08-30,1.01,1.02,1.0,1.0,2846214,1.0
2024-08-29,1.03,1.03,1.01,1.01,2945602,1.01
2024-08-28,1.04,1.04,1.03,1.03,1591946,1.03
2024-08-27,1.03,1.04,1.03,1.04,1463106,1.04
2024-08-26,1.03,1.03,1.02,1.03,2412149,1.03
2024-08-23,1.03,1.04,1.02,1.03,1734854,1.03
2024-08-22,1.03,1.04,1.03,1.03,1830956,1.03
2024-08-21,1.04,1.04,1.02,1.03,1807241,1.03
2024-08-20,1.05,1.05,1.03,1.04,1344896,1.04
2024-08-19,1.03,1.05,1.03,1.05,2191189,1.05
2024-08-16,1.03,1.03,1.03,1.03,1829661,1.03
2024-08-15,1.02,1.03,1.02,1.03,1593611,1.03
2024-08-14,1.02,1.02,1.02,1.02,1087149,1.02
2024-08-13,1.02,1.02,1.01,1.02,1203526,1.02
2024-08-12,1.01,1.02,1.01,1.02,1093747,1.02
2024-08-09,1.02,1.02,1.01,1.01,1087281,1.01
2024-08-08,1.01,1.01,1.01,1.01,935344,1.01
2024-08-07,1.01,1.02,1.0,1.01,1219792,1.01
2024-08-06,1.01,1.02,1.0,1.01,1948766,1.01
2024-08-05,1.02,1.03,1.01,1.01,2036130,1.01
2024-08-02,1.02,1.03,1.02,1.02,1612700,1.02
2024-08-01,1.02,1.03,1.02,1.03,1497218,1.03
2024-07-31,1.01,1.03,1.01,1.02,2131880,1.02
2024-07-30,1.02,1.02,1.01,1.01,1421796,1.01
2024-07-29,1.01,1.02,1.01,1.02,1328579,1.02
2024-07-26,1.02,1.03,1.01,1.02,1526349,1.02
2024-07-25,1.03,1.03,1.02,1.02,1705425,1.02
2024-07-24,1.03,1.04,1.02,1.03,1835225,1.03
2024-07-23,1.03,1.04,1.03,1.03,1540971,1.03
2024-07-22,1.04,1.04,1.02,1.03,2268352,1.03
2024-07-19,1.05,1.05,1.04,1.04,1981984,1.04
2024-07-18,1.05,1.05,1.04,1.05,1670942,1.05
2024-07-17,1.05,1.06,1.04,1.05,1096736,1.05
2024-07-16,1.06,1.06,1.05,1.05,1288408,1.05
2024-07-15,1.05,1.06,1.04,1.06,2038330,1.06
2024-07-12,1.05,1.05,1.04,1.05,3618035,1.05
2024-07-11,1.05,1.05,1.04,1.05,1609355,1.05
2024-07-10,1.06,1.06,1.04,1.04,3848583,1.04
2024-07-09,1.05,1.07,1.05,1.07,2164721,1.07
2024-07-08,1.06,1.06,1.05,1.05,2165033,1.05
2024-07-05,1.06,1.07,1.05,1.06,1867090,1.06
2024-07-04,1.07,1.08,1.06,1.06,1325878,1.06
2024-07-03,1.08,1.08,1.07,1.07,2199186,1.07
2024-07-02,1.08,1.08,1.07,1.08,2133977,1.08
2024-07-01,1.06,1.08,1.06,1.08,2014583,1.08
2024-06-28,1.05,1.06,1.04,1.06,3273726,1.06
2024-06-27,1.05,1.05,1.04,1.05,2339638,1.05
2024-06-26,1.04,1.05,1.04,1.05,1938458,1.05
2024-06-25,1.04,1.05,1.04,1.04,1600879,1.04
2024-06-24,1.05,1.05,1.03,1.04,1450021,1.04
2024-06-21,1.05,1.06,1.05,1.05,1214234,1.05
2024-06-20,1.05,1.05,1.05,1.05,1407511,1.05
2024-06-19,1.05,1.06,1.05,1.05,2029810,1.05
2024-06-18,1.04,1.05,1.04,1.05,1785188,1.05
2024-06-17,1.06,1.06,1.04,1.04,1790828,1.04
2024-06-14,1.05,1.06,1.05,1.06,1323256,1.06
2024-06-13,1.07,1.07,1.05,1.06,1702315,1.06
2024-06-12,1.05,1.07,1.05,1.07,1657816,1.07
2024-06-11,1.07,1.08,1.05,1.06,2282032,1.06
2024-06-07,1.07,1.08,1.06,1.08,1964046,1.08
2024-06-06,1.06,1.07,1.06,1.07,2074641,1.07
2024-06-05,1.08,1.08,1.06,1.06,2070208,1.06
2024-06-04,1.07,1.08,1.07,1.08,2023143,1.08
2024-06-03,1.08,1.08,1.07,1.07,1869284,1.07
2024-05-31,1.08,1.09,1.08,1.09,1345787,1.09
2024-05-30,1.09,1.1,1.08,1.08,2031720,1.08
2024-05-29,1.09,1.1,1.09,1.09,2145286,1.09
2024-05-28,1.1,1.1,1.09,1.09,2528860,1.09
2024-05-27,1.08,1.1,1.08,1.1,2066873,1.1
2024-05-24,1.07,1.09,1.07,1.08,2484445,1.08
2024-05-23,1.09,1.09,1.07,1.08,2449222,1.08
2024-05-22,1.09,1.1,1.09,1.09,1989113,1.09
2024-05-21,1.09,1.09,1.08,1.09,2371600,1.09
2024-05-20,1.08,1.09,1.08,1.09,2443983,1.09
2024-05-17,1.07,1.08,1.06,1.08,1605503,1.08
2024-05-16,1.07,1.07,1.07,1.07,1761702,1.07
2024-05-15,1.07,1.07,1.06,1.07,3559273,1.07
2024-05-14,1.07,1.07,1.06,1.07,1950948,1.07
2024-05-13,1.06,1.07,1.06,1.07,2951282,1.07
2024-05-10,1.06,1.07,1.06,1.07,2123880,1.07
2024-05-09,1.05,1.06,1.05,1.06,1675034,1.06
2024-05-08,1.04,1.06,1.04,1.05,2637057,1.05
2024-05-07,1.05,1.05,1.04,1.05,1704702,1.05
2024-05-06,1.04,1.05,1.04,1.05,2236476,1.05
2024-04-30,1.03,1.05,1.03,1.04,2877419,1.04
2024-04-29,1.04,1.04,1.03,1.04,12983285,1.04
2024-04-26,1.05,1.05,1.03,1.04,5013460,1.04
2024-04-25,1.04,1.05,1.04,1.05,1877485,1.05
2024-04-24,1.04,1.05,1.03,1.04,2128627,1.04
2024-04-23,1.06,1.06,1.04,1.05,3619366,1.05
2024-04-22,1.08,1.09,1.06,1.06,3500655,1.06
2024-04-19,1.07,1.09,1.07,1.08,2772687,1.08
2024-04-18,1.08,1.09,1.08,1.08,4505033,1.08
2024-04-17,1.06,1.08,1.05,1.08,3737670,1.08
2024-04-16,1.06,1.07,1.05,1.06,2742182,1.06
2024-04-15,1.04,1.07,1.04,1.06,3268639,1.06
2024-04-12,1.04,1.05,1.04,1.04,1703722,1.04
2024-04-11,1.03,1.05,1.03,1.04,2300679,1.04
2024-04-10,1.03,1.04,1.03,1.03,1693053,1.03
2024-04-09,1.03,1.04,1.03,1.03,1193677,1.03
2024-04-08,1.03,1.04,1.02,1.04,6237070,1.04
2024-04-03,1.03,1.03,1.02,1.03,4966159,1.03
2024-04-02,1.02,1.03,1.02,1.02,935867,1.02
2024-04-01,1.01,1.02,1.01,1.02,1390671,1.02
2024-03-29,1.0,1.02,1.0,1.02,2350912,1.02
2024-03-28,1.0,1.01,0.99,1.0,1146622,1.0
2024-03-27,1.0,1.01,1.0,1.0,2162568,1.0
2024-03-26,1.0,1.01,0.99,1.0,1358722,1.0
2024-03-25,1.0,1.01,1.0,1.0,1452677,1.0
2024-03-22,1.0,1.01,0.99,1.0,1356711,1.0
2024-03-21,1.0,1.01,1.0,1.01,1660843,1.01
2024-03-20,1.0,1.0,0.99,1.0,1129729,1.0
2024-03-19,1.0,1.0,0.99,0.99,897343,0.99
2024-03-18,1.0,1.0,0.99,1.0,1485705,1.0
2024-03-15,1.0,1.0,0.99,1.0,3053210,1.0
2024-03-14,0.99,1.0,0.99,1.0,1577178,1.0
2024-03-13,0.99,1.0,0.98,0.99,3095790,0.99
2024-03-12,1.02,1.02,0.99,1.0,4469738,1.0
2024-03-11,1.02,1.03,1.01,1.02,3933511,1.02
2024-03-08,1.02,1.03,1.02,1.03,2036054,1.03
2024-03-07,1.02,1.03,1.02,1.02,1175573,1.02
2024-03-06,1.02,1.03,1.02,1.02,1305557,1.02
2024-03-05,1.01,1.02,1.01,1.02,2495958,1.02
2024-03-04,1.0,1.01,1.0,1.01,1525870,1.01
2024-03-01,1.0,1.01,1.0,1.0,1320196,1.0
2024-02-29,1.0,1.01,0.99,1.0,1393833,1.0
2024-02-28,1.0,1.01,0.99,1.0,1959590,1.0
2024-02-27,1.0,1.01,0.99,1.0,1572080,1.0
2024-02-26,1.02,1.02,0.99,1.0,3543459,1.0
2024-02-23,1.02,1.03,1.02,1.02,1503529,1.02
2024-02-22,1.01,1.02,1.0,1.02,1619079,1.02
2024-02-21,1.0,1.02,1.0,1.01,3645283,1.01
2024-02-20,1.0,1.01,0.99,1.0,1802413,1.0
2024-02-19,0.97,1.0,0.97,1.0,2566606,1.0
2024-02-08,0.97,0.98,0.96,0.97,1988240,0.97
2024-02-07,0.96,0.98,0.95,0.97,3177168,0.97
2024-02-06,0.94,0.97,0.94,0.96,2893650,0.96
2024-02-05,0.94,0.95,0.93,0.95,3960890,0.95
2024-02-02,0.95,0.96,0.93,0.95,8634193,0.95
2024-02-01,0.96,0.96,0.94,0.95,1315366,0.95
2024-01-31,0.96,0.97,0.95,0.96,2237214,0.96
2024-01-30,0.97,0.97,0.96,0.96,2093586,0.96
2024-01-29,0.97,0.98,0.97,0.97,2420622,0.97
2024-01-26,0.95,0.97,0.95,0.97,2515718,0.97
2024-01-25,0.93,0.96,0.92,0.95,2342443,0.95
2024-01-24,0.9,0.93,0.9,0.93,1847208,0.93
2024-01-23,0.89,0.91,0.89,0.9,1888937,0.9
2024-01-22,0.92,0.92,0.89,0.9,3573096,0.9
2024-01-19,0.93,0.93,0.92,0.92,1494269,0.92
2024-01-18,0.94,0.94,0.9,0.93,3131709,0.93
2024-01-17,0.95,0.95,0.93,0.93,2764283,0.93
2024-01-16,0.94,0.95,0.94,0.95,2247587,0.95
2024-01-15,0.94,0.94,0.93,0.94,1735592,0.94
2024-01-12,0.93,0.94,0.93,0.93,1064067,0.93
2024-01-11,0.94,0.94,0.93,0.93,2876757,0.93
2024-01-10,0.94,0.94,0.94,0.94,1006328,0.94
2024-01-09,0.94,0.95,0.93,0.94,1732291,0.94
2024-01-08,0.94,0.95,0.94,0.94,2466271,0.94
2024-01-05,0.95,0.96,0.94,0.95,7835173,0.95
2024-01-04,0.94,0.95,0.94,0.95,2787012,0.95
2024-01-03,0.92,0.94,0.92,0.94,5676371,0.94
2024-01-02,0.91,0.93,0.91,0.93,1418845,0.93
2023-12-29,0.91,0.92,0.91,0.91,926120,0.91
2023-12-28,0.91,0.92,0.91,0.91,1003049,0.91
2023-12-27,0.9,0.91,0.9,0.91,655904,0.91
2023-12-26,0.91,0.91,0.91,0.91,1663328,0.91
2023-12-25,0.91,0.91,0.9,0.91,581641,0.91
2023-12-22,0.9,0.91,0.9,0.91,757919,0.91
2023-12-21,0.91,0.91,0.9,0.91,703163,0.91
2023-12-20,0.91,0.92,0.91,0.91,628929,0.91
2023-12-19,0.91,0.91,0.91,0.91,585921,0.91
2023-12-18,0.91,0.92,0.91,0.91,433974,0.91
2023-12-15,0.92,0.92,0.91,0.91,456735,0.91
2023-12-14,0.92,0.92,0.92,0.92,425394,0.92
2023-12-13,0.92,0.93,0.92,0.92,897795,0.92
2023-12-12,0.92,0.93,0.91,0.93,715243,0.93
2023-12-11,0.91,0.92,0.9,0.92,923386,0.92
2023-12-08,0.91,0.92,0.91,0.91,752788,0.91
2023-12-07,0.91,0.91,0.91,0.91,703695,0.91
2023-12-06,0.91,0.92,0.9,0.91,737463,0.91
2023-12-05,0.93,0.93,0.91,0.92,1644495,0.92
2023-12-04,0.93,0.93,0.93,0.93,950195,0.93
2023-12-01,0.92,0.93,0.92,0.93,840639,0.93
2023-11-30,0.92,0.92,0.92,0.92,577157,0.92
2023-11-29,0.93,0.93,0.92,0.92,683804,0.92
2023-11-28,0.93,0.93,0.92,0.93,577189,0.93
2023-11-27,0.93,0.93,0.92,0.93,660349,0.93
2023-11-24,0.93,0.94,0.93,0.93,561937,0.93
2023-11-23,0.93,0.93,0.92,0.93,696007,0.93
2023-11-22,0.93,0.94,0.93,0.93,942104,0.93
2023-11-21,0.93,0.94,0.93,0.93,1222884,0.93
2023-11-20,0.93,0.93,0.92,0.93,697365,0.93
2023-11-17,0.93,0.93,0.92,0.92,400324,0.92
2023-11-16,0.93,0.93,0.92,0.93,1516081,0.93
2023-11-15,0.92,0.93,0.92,0.93,599199,0.93
2023-11-14,0.92,0.92,0.92,0.92,1129553,0.92
2023-11-13,0.92,0.92,0.91,0.92,565769,0.92
2023-11-10,0.92,0.92,0.91,0.92,822109,0.92
2023-11-09,0.92,0.92,0.92,0.92,738458,0.92
2023-11-08,0.92,0.92,0.92,0.92,1138706,0.92
2023-11-07,0.92,0.92,0.91,0.92,1412989,0.92
2023-11-06,0.92,0.92,0.91,0.92,1356043,0.92
2023-11-03,0.92,0.93,0.92,0.92,843963,0.92
2023-11-02,0.92,0.93,0.92,0.93,632090,0.93
2023-11-01,0.92,0.92,0.92,0.92,775697,0.92
2023-10-31,0.92,0.92,0.92,0.92,600812,0.92
2023-10-30,0.94,0.94,0.92,0.92,2494343,0.92
2023-10-27,0.93,0.94,0.93,0.94,665017,0.94
2023-10-26,0.93,0.93,0.93,0.93,779473,0.93
2023-10-25,0.93,0.94,0.93,0.93,718959,0.93
2023-10-24,0.92,0.92,0.91,0.92,685155,0.92
2023-10-23,0.93,0.93,0.91,0.92,1423713,0.92
2023-10-20,0.93,0.94,0.93,0.93,913773,0.93
2023-10-19,0.95,0.95,0.93,0.93,1087348,0.93
2023-10-18,0.96,0.96,0.95,0.95,788700,0.95
2023-10-17,0.95,0.96,0.95,0.96,767631,0.96
2023-10-16,0.95,0.95,0.94,0.95,552985,0.95
2023-10-13,0.94,0.95,0.94,0.95,703115,0.95
2023-10-12,0.94,0.95,0.94,0.95,1214038,0.95
2023-10-11,0.94,0.94,0.94,0.94,793693,0.94
2023-10-10,0.95,0.95,0.94,0.94,914472,0.94
2023-10-09,0.95,0.95,0.94,0.95,985705,0.95
2023-09-28,0.95,0.96,0.95,0.95,650308,0.95
2023-09-27,0.96,0.96,0.95,0.95,871525,0.95
2023-09-26,0.96,0.96,0.95,0.96,693900,0.96
2023-09-25,0.96,0.96,0.96,0.96,744079,0.96
2023-09-22,0.95,0.96,0.95,0.96,1587467,0.96
2023-09-21,0.96,0.96,0.95,0.95,910773,0.95
2023-09-20,0.95,0.96,0.95,0.96,2396196,0.96
2023-09-19,0.95,0.96,0.95,0.96,833981,0.96
2023-09-18,0.95,0.95,0.94,0.95,752061,0.95
2023-09-15,0.95,0.96,0.95,0.95,1149402,0.95
2023-09-14,0.95,0.95,0.94,0.95,1048418,0.95
2023-09-13,0.94,0.95,0.94,0.94,953486,0.94
2023-09-12,0.94,0.94,0.94,0.94,409944,0.94
2023-09-11,0.94,0.95,0.94,0.94,605973,0.94
2023-09-08,0.94,0.94,0.93,0.94,673450,0.94
2023-09-07,0.95,0.95,0.94,0.94,703455,0.94
2023-09-06,0.95,0.95,0.94,0.94,797330,0.94
2023-09-05,0.96,0.96,0.94,0.95,820348,0.95
2023-09-04,0.94,0.96,0.94,0.96,947639,0.96
2023-09-01,0.93,0.94,0.93,0.94,409737,0.94
2023-08-31,0.94,0.94,0.93,0.93,698036,0.93
2023-08-30,0.95,0.95,0.94,0.94,1107853,0.94
2023-08-29,0.95,0.95,0.94,0.95,905475,0.95
2023-08-28,0.97,0.98,0.94,0.95,741041,0.95
2023-08-25,0.93,0.94,0.93,0.93,911844,0.93
2023-08-24,0.94,0.94,0.93,0.94,966008,0.94
2023-08-23,0.94,0.95,0.94,0.94,726416,0.94
2023-08-22,0.93,0.94,0.93,0.94,511704,0.94
2023-08-21,0.94,0.94,0.93,0.93,492497,0.93
2023-08-18,0.94,0.95,0.93,0.94,585370,0.94
2023-08-17,0.94,0.94,0.93,0.94,1086156,0.94
2023-08-16,0.94,0.94,0.93,0.94,588434,0.94
2023-08-15,0.94,0.95,0.93,0.94,1531771,0.94
2023-08-14,0.93,0.94,0.92,0.94,729020,0.94
2023-08-11,0.95,0.95,0.94,0.94,946159,0.94
2023-08-10,0.95,0.96,0.95,0.95,369059,0.95
2023-08-09,0.96,0.96,0.95,0.95,515513,0.95
2023-08-08,0.95,0.96,0.95,0.96,454301,0.96
2023-08-07,0.96,0.96,0.95,0.95,469225,0.95
2023-08-04,0.97,0.97,0.96,0.96,675189,0.96
2023-08-03,0.96,0.96,0.95,0.96,596197,0.96
2023-08-02,0.97,0.97,0.96,0.96,531006,0.96
2023-08-01,0.97,0.98,0.97,0.97,512988,0.97
2023-07-31,0.97,0.98,0.96,0.97,1111660,0.97
2023-07-28,0.95,0.96,0.94,0.96,805660,0.96
2023-07-27,0.95,0.96,0.94,0.95,766675,0.95
2023-07-26,0.95,0.95,0.94,0.95,1748027,0.95
2023-07-25,0.94,0.95,0.93,0.95,566480,0.95
2023-07-24,0.93,0.93,0.93,0.93,451886,0.93
2023-07-21,0.93,0.93,0.93,0.93,345009,0.93
2023-07-20,0.94,0.94,0.93,0.93,307699,0.93
2023-07-19,0.93,0.94,0.93,0.94,479536,0.94
2023-07-18,0.93,0.93,0.93,0.93,225837,0.93
2023-07-17,0.94,0.94,0.93,0.93,458063,0.93
2023-07-14,0.93,0.94,0.93,0.94,454509,0.94
2023-07-13,0.92,0.93,0.92,0.93,272497,0.93
2023-07-12,0.92,0.93,0.92,0.92,770355,0.92
2023-07-11,0.92,0.93,0.92,0.92,371123,0.92
2023-07-10,0.92,0.92,0.92,0.92,343299,0.92
2023-07-07,0.91,0.92,0.91,0.92,527494,0.92
2023-07-06,0.92,0.92,0.91,0.92,340199,0.92
2023-07-05,0.92,0.92,0.92,0.92,316453,0.92
2023-07-04,0.92,0.92,0.92,0.92,683172,0.92
2023-07-03,0.91,0.93,0.91,0.92,319082,0.92
2023-06-30,0.91,0.91,0.91,0.91,231358,0.91
2023-06-29,0.91,0.91,0.9,0.91,375427,0.91
2023-06-28,0.91,0.91,0.9,0.91,657745,0.91
2023-06-27,0.89,0.91,0.89,0.91,703178,0.91
2023-06-26,0.9,0.9,0.88,0.89,471533,0.89
2023-06-21,0.91,0.92,0.9,0.91,671249,0.91
2023-06-20,0.92,0.92,0.91,0.91,543298,0.91
2023-06-19,0.93,0.93,0.92,0.92,1213656,0.92
2023-06-16,0.94,0.94,0.93,0.93,493320,0.93
2023-06-15,0.93,0.94,0.93,0.93,609893,0.93
2023-06-14,0.94,0.95,0.93,0.93,2636715,0.93
2023-06-13,0.94,0.94,0.93,0.94,610875,0.94
2023-06-12,0.95,0.95,0.94,0.94,1115995,0.94
2023-06-09,0.95,0.95,0.94,0.95,1108457,0.95
2023-06-08,0.94,0.95,0.93,0.95,2233486,0.95
2023-06-07,0.93,0.94,0.93,0.94,311409,0.94
2023-06-06,0.94,0.95,0.93,0.93,382539,0.93
2023-06-05,0.93,0.94,0.93,0.94,487664,0.94
2023-06-02,0.93,0.93,0.93,0.93,319570,0.93
2023-06-01,0.92,0.93,0.92,0.93,594082,0.93
2023-05-31,0.93,0.93,0.92,0.92,393655,0.92
2023-05-30,0.92,0.93,0.92,0.93,565200,0.93
2023-05-29,0.93,0.93,0.92,0.92,541708,0.92
2023-05-26,0.91,0.93,0.9,0.92,593418,0.92
2023-05-25,0.91,0.91,0.9,0.91,454978,0.91
2023-05-24,0.92,0.92,0.91,0.91,610148,0.91
2023-05-23,0.94,0.94,0.93,0.93,574354,0.93
2023-05-22,0.94,0.94,0.94,0.94,331878,0.94
2023-05-19,0.95,0.95,0.94,0.94,952828,0.94
2023-05-18,0.95,0.96,0.95,0.96,876529,0.96
2023-05-17,0.94,0.95,0.94,0.95,362776,0.95
2023-05-16,0.95,0.96,0.95,0.95,520636,0.95
2023-05-15,0.96,0.96,0.94,0.96,1508861,0.96
2023-05-12,0.97,0.98,0.96,0.96,666389,0.96
2023-05-11,0.97,0.99,0.97,0.98,1579554,0.98
2023-05-10,1.0,1.0,0.97,0.97,2106985,0.97
2023-05-09,1.01,1.02,1.0,1.0,826848,1.0
2023-05-08,0.99,1.02,0.98,1.01,1140562,1.01
2023-05-05,0.99,1.0,0.98,0.98,1326977,0.98
2023-05-04,0.96,0.99,0.96,0.99,1278591,0.99
2023-04-28,0.94,0.96,0.94,0.96,570396,0.96
2023-04-27,0.94,0.95,0.93,0.94,412990,0.94
2023-04-26,0.93,0.94,0.92,0.94,496674,0.94
2023-04-25,0.93,0.94,0.92,0.94,521261,0.94
2023-04-24,0.93,0.94,0.92,0.93,469814,0.93
2023-04-21,0.94,0.95,0.93,0.93,702798,0.93
2023-04-20,0.93,0.94,0.93,0.94,637988,0.94
2023-04-19,0.93,0.94,0.93,0.93,476435,0.93
2023-04-18,0.93,0.93,0.93,0.93,945981,0.93
2023-04-17,0.92,0.93,0.92,0.93,513421,0.93
2023-04-14,0.92,0.93,0.91,0.92,269309,0.92
2023-04-13,0.92,0.93,0.92,0.92,574355,0.92
2023-04-12,0.91,0.92,0.9,0.92,340621,0.92
2023-04-11,0.89,0.9,0.89,0.9,247408,0.9
2023-04-10,0.89,0.9,0.89,0.89,237585,0.89
2023-04-07,0.9,0.9,0.89,0.89,227287,0.89
2023-04-06,0.9,0.9,0.89,0.9,140914,0.9
2023-04-04,0.9,0.9,0.89,0.9,273478,0.9
2023-04-03,0.89,0.9,0.89,0.9,140668,0.9
2023-03-31,0.88,0.89,0.88,0.89,206599,0.89
2023-03-30,0.88,0.89,0.88,0.88,154171,0.88
2023-03-29,0.89,0.89,0.88,0.88,117190,0.88
2023-03-28,0.88,0.89,0.88,0.89,94232,0.89
2023-03-27,0.89,0.89,0.88,0.88,147986,0.88
2023-03-24,0.9,0.9,0.89,0.89,134080,0.89
2023-03-23,0.9,0.9,0.89,0.9,106683,0.9
2023-03-22,0.89,0.9,0.89,0.9,148016,0.9
2023-03-21,0.89,0.9,0.89,0.89,138582,0.89
2023-03-20,0.9,0.91,0.89,0.89,203102,0.89
2023-03-17,0.89,0.9,0.89,0.9,169395,0.9
2023-03-16,0.89,0.89,0.89,0.89,147338,0.89
2023-03-15,0.88,0.9,0.88,0.89,149674,0.89
2023-03-14,0.88,0.89,0.88,0.88,129975,0.88
2023-03-13,0.87,0.88,0.87,0.88,140803,0.88
2023-03-10,0.89,0.89,0.87,0.87,145306,0.87
2023-03-09,0.89,0.89,0.89,0.89,160756,0.89
2023-03-08,0.89,0.89,0.88,0.89,204127,0.89
2023-03-07,0.9,0.91,0.89,0.89,144245,0.89
2023-03-06,0.89,0.9,0.89,0.9,141280,0.9
2023-03-03,0.89,0.9,0.89,0.9,183586,0.9
2023-03-02,0.88,0.89,0.88,0.89,219764,0.89
2023-03-01,0.87,0.88,0.87,0.88,203994,0.88
2023-02-28,0.87,0.88,0.87,0.88,241790,0.88
2023-02-27,0.88,0.88,0.87,0.87,205968,0.87
2023-02-24,0.87,0.88,0.87,0.88,192069,0.88
2023-02-23,0.88,0.88,0.87,0.87,395176,0.87
2023-02-22,0.87,0.88,0.87,0.88,428351,0.88
2023-02-21,0.87,0.88,0.87,0.88,154928,0.88
2023-02-20,0.85,0.87,0.85,0.87,256677,0.87
2023-02-17,0.85,0.86,0.85,0.85,142736,0.85
2023-02-16,0.86,0.87,0.85,0.85,238989,0.85
2023-02-15,0.86,0.86,0.85,0.86,143574,0.86
2023-02-14,0.85,0.86,0.85,0.86,188376,0.86
2023-02-13,0.85,0.85,0.85,0.85,172190,0.85
2023-02-10,0.85,0.85,0.84,0.85,229430,0.85
2023-02-09,0.84,0.85,0.84,0.85,210340,0.85
2023-02-08,0.85,0.85,0.84,0.84,207712,0.84
2023-02-07,0.84,0.85,0.84,0.84,249878,0.84
2023-02-06,0.84,0.84,0.84,0.84,287838,0.84
2023-02-03,0.85,0.85,0.84,0.84,374438,0.84
2023-02-02,0.85,0.85,0.85,0.85,289992,0.85
2023-02-01,0.85,0.85,0.84,0.85,311054,0.85
2023-01-31,0.84,0.85,0.84,0.84,219378,0.84
2023-01-30,0.85,0.85,0.84,0.84,231988,0.84
2023-01-20,0.84,0.85,0.84,0.85,214552,0.85
2023-01-19,0.83,0.84,0.83,0.84,170435,0.84
2023-01-18,0.83,0.84,0.83,0.83,224446,0.83
2023-01-17,0.83,0.83,0.83,0.83,226767,0.83
2023-01-16,0.83,0.84,0.83,0.83,209664,0.83
2023-01-13,0.82,0.83,0.82,0.83,276154,0.83
2023-01-12,0.82,0.82,0.82,0.82,190372,0.82
2023-01-11,0.82,0.83,0.82,0.82,209443,0.82
2023-01-10,0.83,0.83,0.82,0.82,206143,0.82
2023-01-09,0.83,0.83,0.83,0.83,178548,0.83
2023-01-06,0.83,0.83,0.82,0.83,161330,0.83
2023-01-05,0.83,0.83,0.83,0.83,186023,0.83
2023-01-04,0.82,0.83,0.82,0.83,197511,0.83
2023-01-03,0.82,0.82,0.82,0.82,199669,0.82
2022-12-30,0.81,0.82,0.81,0.82,135264,0.82
2022-12-29,0.82,0.82,0.81,0.81,140782,0.81
2022-12-28,0.82,0.82,0.81,0.82,144006,0.82
2022-12-27,0.81,0.82,0.81,0.82,158362,0.82
2022-12-26,0.81,0.81,0.81,0.81,139597,0.81
2022-12-23,0.81,0.81,0.81,0.81,135462,0.81
2022-12-22,0.82,0.83,0.81,0.81,145078,0.81
2022-12-21,0.82,0.82,0.82,0.82,142447,0.82
2022-12-20,0.83,0.83,0.81,0.82,142187,0.82
2022-12-19,0.84,0.84,0.82,0.83,157749,0.83
2022-12-16,0.83,0.84,0.83,0.84,173115,0.84
2022-12-15,0.84,0.84,0.83,0.83,153363,0.83
2022-12-14,0.84,0.84,0.84,0.84,148791,0.84
2022-12-13,0.84,0.85,0.84,0.84,150771,0.84
2022-12-12,0.85,0.85,0.84,0.84,426581,0.84
2022-12-09,0.86,0.86,0.85,0.86,210308,0.86
2022-12-08,0.86,0.86,0.85,0.86,427889,0.86
2022-12-07,0.86,0.86,0.85,0.86,207782,0.86
2022-12-06,0.86,0.87,0.86,0.86,197018,0.86
2022-12-05,0.85,0.87,0.85,0.87,177918,0.87
2022-12-02,0.86,0.86,0.85,0.85,211326,0.85
2022-12-01,0.86,0.87,0.86,0.86,331294,0.86
2022-11-30,0.86,0.88,0.86,0.86,250299,0.86
2022-11-29,0.84,0.87,0.84,0.86,223879,0.86
2022-11-28,0.84,0.84,0.83,0.84,224100,0.84
2022-11-25,0.83,0.85,0.83,0.85,257509,0.85
2022-11-24,0.83,0.83,0.83,0.83,210002,0.83
2022-11-23,0.82,0.83,0.82,0.83,261021,0.83
2022-11-22,0.81,0.83,0.81,0.82,273641,0.82
2022-11-21,0.82,0.82,0.81,0.81,204227,0.81
2022-11-18,0.82,0.82,0.82,0.82,169283,0.82
2022-11-17,0.82,0.82,0.81,0.82,172532,0.82
2022-11-16,0.82,0.82,0.82,0.82,254557,0.82
2022-11-15,0.82,0.82,0.82,0.82,199034,0.82
2022-11-14,0.82,0.84,0.82,0.82,232247,0.82
2022-11-11,0.8,0.83,0.8,0.82,270782,0.82
2022-11-10,0.8,0.8,0.79,0.8,263042,0.8
2022-11-09,0.8,0.81,0.8,0.8,139273,0.8
2022-11-08,0.8,0.8,0.8,0.8,153801,0.8
2022-11-07,0.8,0.8,0.79,0.8,382606,0.8
2022-11-04,0.79,0.8,0.79,0.8,262456,0.8
2022-11-03,0.79,0.79,0.78,0.79,214420,0.79
2022-11-02,0.78,0.79,0.78,0.79,254714,0.79
2022-11-01,0.77,0.78,0.77,0.78,245764,0.78
2022-10-31,0.79,0.79,0.77,0.77,256495,0.77
2022-10-28,0.81,0.81,0.79,0.79,250576,0.79
2022-10-27,0.8,0.81,0.8,0.81,215194,0.81
2022-10-26,0.81,0.81,0.8,0.8,229925,0.8
2022-10-25,0.81,0.82,0.8,0.81,216741,0.81
2022-10-24,0.83,0.83,0.81,0.82,245929,0.82
2022-10-21,0.83,0.84,0.83,0.83,252989,0.83
2022-10-20,0.83,0.84,0.83,0.83,223158,0.83
2022-10-19,0.84,0.84,0.84,0.84,256261,0.84
2022-10-18,0.85,0.85,0.84,0.84,213221,0.84
2022-10-17,0.84,0.85,0.83,0.84,231055,0.84
2022-10-14,0.84,0.85,0.84,0.85,242049,0.85
2022-10-13,0.85,0.85,0.83,0.85,236805,0.85
2022-10-12,0.84,0.85,0.83,0.85,286527,0.85
2022-10-11,0.84,0.84,0.83,0.84,228940,0.84
2022-10-10,0.84,0.85,0.84,0.84,229583,0.84
2022-09-30,0.83,0.84,0.83,0.84,268367,0.84
2022-09-29,0.84,0.85,0.83,0.83,256342,0.83
2022-09-28,0.85,0.85,0.84,0.84,252742,0.84
2022-09-27,0.83,0.85,0.83,0.85,260849,0.85
2022-09-26,0.85,0.85,0.84,0.84,286908,0.84
2022-09-23,0.86,0.87,0.85,0.85,285875,0.85
2022-09-22,0.86,0.86,0.85,0.86,255370,0.86
2022-09-21,0.85,0.87,0.85,0.86,254720,0.86
2022-09-20,0.86,0.86,0.85,0.86,247433,0.86
2022-09-19,0.86,0.86,0.85,0.86,302042,0.86
2022-09-16,0.89,0.89,0.86,0.86,294241,0.86
2022-09-15,0.88,0.89,0.88,0.89,346944,0.89
2022-09-14,0.89,0.89,0.88,0.88,255958,0.88
2022-09-13,0.89,0.9,0.89,0.89,259375,0.89
2022-09-09,0.88,0.9,0.88,0.89,265900,0.89
2022-09-08,0.88,0.89,0.87,0.88,240695,0.88
2022-09-07,0.88,0.88,0.87,0.88,281396,0.88
2022-09-06,0.87,0.88,0.87,0.88,271866,0.88
2022-09-05,0.85,0.87,0.85,0.87,272539,0.87
2022-09-02,0.85,0.86,0.85,0.85,282524,0.85
2022-09-01,0.85,0.86,0.85,0.85,308949,0.85
2022-08-31,0.85,0.86,0.85,0.85,293811,0.85
2022-08-30,0.85,0.86,0.84,0.85,231340,0.85
2022-08-29,0.84,0.85,0.83,0.85,260938,0.85
2022-08-26,0.85,0.85,0.84,0.84,299325,0.84
2022-08-25,0.83,0.85,0.83,0.84,328760,0.84
2022-08-24,0.84,0.84,0.83,0.83,216013,0.83
2022-08-23,0.84,0.84,0.83,0.84,242678,0.84
2022-08-22,0.83,0.84,0.83,0.83,192400,0.83
2022-08-19,0.82,0.83,0.82,0.83,236800,0.83
2022-08-18,0.83,0.83,0.82,0.82,213898,0.82
2022-08-17,0.82,0.83,0.82,0.83,246174,0.83
2022-08-16,0.82,0.83,0.82,0.83,387036,0.83
2022-08-15,0.82,0.83,0.82,0.82,256750,0.82
2022-08-12,0.82,0.82,0.82,0.82,199203,0.82
2022-08-11,0.81,0.82,0.81,0.82,253481,0.82
2022-08-10,0.81,0.81,0.81,0.81,193494,0.81
2022-08-09,0.81,0.81,0.81,0.81,199494,0.81
2022-08-08,0.8,0.81,0.8,0.81,207689,0.81
2022-08-05,0.8,0.8,0.79,0.8,229265,0.8
2022-08-04,0.79,0.8,0.79,0.8,223538,0.8
2022-08-03,0.8,0.81,0.79,0.79,237341,0.79
2022-08-02,0.81,0.82,0.79,0.8,295412,0.8
2022-08-01,0.82,0.82,0.81,0.82,183272,0.82
2022-07-29,0.83,0.83,0.82,0.82,215710,0.82
2022-07-28,0.82,0.83,0.82,0.82,229410,0.82
2022-07-27,0.83,0.83,0.82,0.82,177782,0.82
2022-07-26,0.82,0.83,0.81,0.83,212011,0.83
2022-07-25,0.81,0.82,0.81,0.82,179080,0.82
2022-07-22,0.82,0.82,0.81,0.82,190207,0.82
2022-07-21,0.83,0.83,0.82,0.82,228768,0.82
2022-07-20,0.83,0.83,0.83,0.83,201488,0.83
2022-07-19,0.83,0.83,0.82,0.83,204747,0.83
2022-07-18,0.81,0.83,0.81,0.83,244192,0.83
2022-07-15,0.82,0.82,0.81,0.81,246205,0.81
2022-07-14,0.84,0.84,0.82,0.82,291493,0.82
2022-07-13,0.84,0.84,0.83,0.84,185257,0.84
2022-07-12,0.83,0.84,0.83,0.84,259710,0.84
2022-07-11,0.83,0.84,0.82,0.83,208441,0.83
2022-07-08,0.84,0.84,0.83,0.83,216047,0.83
2022-07-07,0.83,0.84,0.83,0.83,182630,0.83
2022-07-06,0.85,0.85,0.83,0.83,264430,0.83
2022-07-05,0.84,0.85,0.84,0.85,290145,0.85
2022-07-04,0.85,0.85,0.84,0.85,246902,0.85
2022-07-01,0.85,0.85,0.84,0.85,263594,0.85
2022-06-30,0.85,0.85,0.84,0.85,261410,0.85
2022-06-29,0.84,0.85,0.83,0.85,285536,0.85
2022-06-28,0.83,0.84,0.83,0.84,208639,0.84
2022-06-27,0.83,0.84,0.83,0.84,233148,0.84
2022-06-24,0.83,0.83,0.82,0.83,254773,0.83
2022-06-23,0.83,0.83,0.82,0.83,242069,0.83
2022-06-22,0.84,0.84,0.82,0.83,214429,0.83
2022-06-21,0.83,0.84,0.83,0.84,365930,0.84
2022-06-20,0.84,0.84,0.83,0.83,213117,0.83
2022-06-17,0.84,0.84,0.83,0.84,274465,0.84
2022-06-16,0.85,0.85,0.84,0.84,314592,0.84
2022-06-15,0.85,0.86,0.84,0.85,336723,0.85
2022-06-14,0.83,0.85,0.83,0.85,257117,0.85
2022-06-13,0.85,0.85,0.83,0.84,262953,0.84
2022-06-10,0.84,0.85,0.84,0.85,212802,0.85
2022-06-09,0.84,0.85,0.84,0.85,252358,0.85
2022-06-08,0.84,0.85,0.83,0.84,268066,0.84
2022-06-07,0.84,0.84,0.83,0.84,195137,0.84
2022-06-06,0.84,0.84,0.83,0.84,231472,0.84
2022-06-02,0.85,0.85,0.84,0.84,212971,0.84
2022-06-01,0.84,0.85,0.84,0.85,194879,0.85
2022-05-31,0.85,0.85,0.84,0.84,228625,0.84
2022-05-30,0.85,0.85,0.84,0.85,262579,0.85
2022-05-27,0.84,0.85,0.84,0.85,233431,0.85
2022-05-26,0.84,0.84,0.83,0.84,212482,0.84
2022-05-25,0.82,0.83,0.81,0.83,214399,0.83
2022-05-24,0.83,0.84,0.82,0.82,231006,0.82
2022-05-23,0.84,0.84,0.83,0.83,224291,0.83
2022-05-20,0.84,0.84,0.83,0.84,257236,0.84
2022-05-19,0.82,0.84,0.82,0.84,255944,0.84
2022-05-18,0.84,0.84,0.83,0.83,204201,0.83
2022-05-17,0.84,0.84,0.83,0.84,244268,0.84
2022-05-16,0.84,0.85,0.84,0.84,234792,0.84
2022-05-13,0.82,0.84,0.82,0.84,622197,0.84
2022-05-12,0.82,0.83,0.82,0.82,341099,0.82
2022-05-11,0.82,0.83,0.82,0.82,220075,0.82
2022-05-10,0.81,0.82,0.8,0.82,243735,0.82
2022-05-09,0.8,0.82,0.8,0.82,208237,0.82
2022-05-06,0.82,0.82,0.81,0.81,208302,0.81
2022-05-05,0.83,0.84,0.82,0.83,208370,0.83
2022-04-29,0.82,0.83,0.81,0.83,226394,0.83
2022-04-28,0.8,0.82,0.8,0.82,245408,0.82
2022-04-27,0.8,0.81,0.78,0.8,244171,0.8
2022-04-26,0.8,0.81,0.79,0.8,232869,0.8
2022-04-25,0.83,0.83,0.8,0.8,279553,0.8
2022-04-22,0.82,0.84,0.81,0.83,217030,0.83
2022-04-21,0.84,0.84,0.82,0.82,286175,0.82
2022-04-20,0.85,0.86,0.83,0.84,241139,0.84
2022-04-19,0.84,0.86,0.84,0.85,182973,0.85
2022-04-18,0.86,0.86,0.84,0.84,231688,0.84
2022-04-15,0.86,0.87,0.85,0.86,201207,0.86
2022-04-14,0.84,0.87,0.84,0.86,208689,0.86
2022-04-13,0.85,0.86,0.84,0.85,228376,0.85
2022-04-12,0.85,0.86,0.85,0.85,314505,0.85
2022-04-11,0.86,0.86,0.85,0.86,238755,0.86
2022-04-08,0.85,0.87,0.85,0.87,203779,0.87
2022-04-07,0.87,0.87,0.85,0.85,327672,0.85
2022-04-06,0.86,0.87,0.85,0.87,211071,0.87
2022-04-01,0.84,0.86,0.83,0.86,189964,0.86
2022-03-31,0.83,0.85,0.83,0.84,237093,0.84
2022-03-30,0.82,0.83,0.82,0.83,139096,0.83
2022-03-29,0.82,0.82,0.81,0.82,174712,0.82
2022-03-28,0.8,0.82,0.8,0.82,199041,0.82
2022-03-25,0.8,0.81,0.8,0.8,122997,0.8
2022-03-24,0.81,0.81,0.8,0.8,116308,0.8
2022-03-23,0.8,0.81,0.8,0.81,166060,0.81
2022-03-22,0.79,0.81,0.79,0.8,135627,0.8
2022-03-21,0.8,0.8,0.79,0.79,106287,0.79
2022-03-18,0.77,0.8,0.77,0.8,221593,0.8
2022-03-17,0.77,0.78,0.76,0.77,154002,0.77
2022-03-16,0.75,0.77,0.73,0.76,148744,0.76
2022-03-15,0.79,0.79,0.75,0.75,117078,0.75
2022-03-14,0.8,0.81,0.79,0.79,131456,0.79
2022-03-11,0.78,0.81,0.78,0.81,136307,0.81
2022-03-10,0.81,0.82,0.79,0.8,125532,0.8
2022-03-09,0.81,0.81,0.77,0.8,164682,0.8
2022-03-08,0.83,0.83,0.8,0.81,126394,0.81
2022-03-07,0.84,0.84,0.83,0.83,102429,0.83
2022-03-04,0.84,0.84,0.83,0.84,149590,0.84
2022-03-03,0.84,0.85,0.84,0.84,130598,0.84
2022-03-02,0.83,0.83,0.82,0.83,154975,0.83
2022-03-01,0.82,0.83,0.82,0.83,139454,0.83
2022-02-28,0.81,0.82,0.81,0.82,133682,0.82
2022-02-25,0.82,0.83,0.81,0.82,96021,0.82
2022-02-24,0.83,0.83,0.81,0.82,108227,0.82
2022-02-23,0.84,0.84,0.83,0.84,134017,0.84
2022-02-22,0.85,0.85,0.84,0.84,145404,0.84
2022-02-21,0.85,0.85,0.84,0.85,87153,0.85
2022-02-18,0.83,0.85,0.83,0.85,109507,0.85
2022-02-17,0.83,0.84,0.83,0.83,56061,0.83
2022-02-16,0.83,0.83,0.83,0.83,45019,0.83
2022-02-15,0.83,0.83,0.82,0.82,73943,0.82
2022-02-14,0.85,0.88,0.83,0.83,58147,0.83
2022-02-11,0.85,0.86,0.85,0.85,119080,0.85
2022-02-10,0.84,0.85,0.83,0.85,85349,0.85
2022-02-09,0.83,0.84,0.83,0.83,58277,0.83
2022-02-08,0.81,0.83,0.81,0.83,86440,0.83
2022-02-07,0.79,0.81,0.79,0.81,40293,0.81
2022-01-28,0.8,0.8,0.79,0.79,58655,0.79
2022-01-27,0.8,0.81,0.8,0.8,69186,0.8
2022-01-26,0.8,0.81,0.8,0.81,55176,0.81
2022-01-25,0.82,0.82,0.8,0.8,36616,0.8
2022-01-24,0.83,0.83,0.81,0.82,59143,0.82
2022-01-21,0.83,0.83,0.82,0.82,64965,0.82
2022-01-20,0.84,0.84,0.83,0.83,65803,0.83
2022-01-19,0.82,0.84,0.82,0.84,97117,0.84
2022-01-18,0.81,0.82,0.81,0.82,63537,0.82
2022-01-17,0.81,0.82,0.8,0.81,45345,0.81
2022-01-14,0.84,0.84,0.81,0.81,118698,0.81
2022-01-13,0.83,0.84,0.82,0.84,83799,0.84
2022-01-12,0.83,0.83,0.82,0.83,27315,0.83
2022-01-11,0.83,0.84,0.83,0.83,50064,0.83
2022-01-10,0.83,0.83,0.82,0.83,69076,0.83
2022-01-07,0.82,0.83,0.82,0.83,49588,0.83
2022-01-06,0.81,0.82,0.81,0.82,47527,0.82
2022-01-05,0.81,0.81,0.81,0.81,57766,0.81
2022-01-04,0.8,0.81,0.8,0.81,56662,0.81
2021-12-31,0.79,0.8,0.79,0.8,70693,0.8
2021-12-30,0.79,0.79,0.79,0.79,40024,0.79
2021-12-29,0.79,0.79,0.79,0.79,57290,0.79
2021-12-28,0.8,0.8,0.79,0.79,28263,0.79
2021-12-27,0.8,0.8,0.8,0.8,1547,0.8
2021-12-24,0.8,0.8,0.79,0.79,18740,0.79
2021-12-23,0.8,0.8,0.79,0.8,33473,0.8
2021-12-22,0.8,0.8,0.79,0.8,20924,0.8
2021-12-21,0.79,0.8,0.79,0.8,45066,0.8
2021-12-20,0.79,0.79,0.78,0.78,41300,0.78
2021-12-17,0.79,0.79,0.79,0.79,34027,0.79
2021-12-16,0.78,0.79,0.78,0.79,35781,0.79
2021-12-15,0.77,0.78,0.77,0.78,44615,0.78
2021-12-14,0.78,0.78,0.77,0.77,5591,0.77
2021-12-13,0.78,0.79,0.78,0.78,43403,0.78
2021-12-10,0.79,0.79,0.78,0.78,78636,0.78
2021-12-09,0.78,0.79,0.78,0.79,17864,0.79
2021-12-08,0.78,0.79,0.78,0.79,5381,0.79
2021-12-07,0.77,0.79,0.77,0.78,17327,0.78
2021-12-06,0.78,0.78,0.77,0.77,17685,0.77
2021-12-03,0.76,0.78,0.76,0.78,39857,0.78
2021-12-02,0.76,0.77,0.76,0.76,33842,0.76
2021-12-01,0.75,0.76,0.75,0.76,44838,0.76
2021-11-30,0.75,0.76,0.75,0.75,31765,0.75
2021-11-29,0.75,0.78,0.74,0.75,16455,0.75
2021-11-26,0.77,0.77,0.76,0.76,4360,0.76
2021-11-25,0.77,0.78,0.76,0.77,31836,0.77
2021-11-24,0.76,0.77,0.76,0.77,26835,0.77
2021-11-23,0.75,0.76,0.75,0.76,11711,0.76
2021-11-22,0.75,0.76,0.75,0.75,6637,0.75
2021-11-19,0.74,0.75,0.74,0.75,16480,0.75
2021-11-18,0.75,0.75,0.74,0.74,9677,0.74
2021-11-17,0.74,0.74,0.74,0.74,7945,0.74
2021-11-16,0.75,0.75,0.74,0.74,12868,0.74
2021-11-15,0.76,0.76,0.75,0.75,2957,0.75
2021-11-12,0.76,0.76,0.75,0.75,72285,0.75
2021-11-11,0.75,0.76,0.74,0.76,39812,0.76
2021-11-10,0.74,0.74,0.73,0.74,10027,0.74
2021-11-09,0.74,0.74,0.74,0.74,2943,0.74
2021-11-08,0.74,0.75,0.74,0.74,11306,0.74
2021-11-05,0.76,0.76,0.74,0.74,14483,0.74
2021-11-04,0.76,0.76,0.75,0.76,26425,0.76
2021-11-03,0.74,0.76,0.74,0.76,28257,0.76
2021-11-02,0.76,0.76,0.74,0.74,70170,0.74
2021-11-01,0.76,0.77,0.75,0.76,208767,0.76
2021-10-29,0.76,0.76,0.75,0.76,94326,0.76
2021-10-28,0.78,0.79,0.76,0.76,31980,0.76
2021-10-27,0.8,0.8,0.78,0.78,20190,0.78
2021-10-26,0.8,0.8,0.79,0.8,72199,0.8
2021-10-25,0.87,0.87,0.79,0.8,49350,0.8
2021-10-21,0.81,0.83,0.81,0.82,32801,0.82
2021-10-20,0.82,0.82,0.8,0.81,82984,0.81
2021-10-19,0.82,0.84,0.82,0.82,13672,0.82
2021-10-18,0.81,0.82,0.8,0.82,18309,0.82
2021-10-15,0.8,0.81,0.8,0.81,23229,0.81
2021-10-14,0.81,0.81,0.8,0.8,14343,0.8
2021-10-13,0.82,0.82,0.8,0.81,11491,0.81
2021-10-12,0.83,0.84,0.81,0.82,13495,0.82
2021-10-11,0.82,0.83,0.82,0.83,6410,0.83
2021-10-08,0.84,0.84,0.82,0.82,3226,0.82
2021-09-30,0.82,0.83,0.81,0.83,2168,0.83
2021-09-29,0.84,0.84,0.82,0.82,13503,0.82
2021-09-28,0.82,0.84,0.82,0.84,24084,0.84
2021-09-27,0.84,0.84,0.81,0.82,12544,0.82
2021-09-24,0.87,0.87,0.84,0.84,6299,0.84
2021-09-23,0.87,0.9,0.86,0.87,10910,0.87
2021-09-22,0.84,0.87,0.82,0.87,13244,0.87
2021-09-17,0.86,0.87,0.83,0.84,17474,0.84
2021-09-16,0.86,0.89,0.86,0.86,9858,0.86
2021-09-15,0.87,0.88,0.86,0.86,19187,0.86
2021-09-14,0.89,0.89,0.87,0.87,18786,0.87
2021-09-13,0.87,0.89,0.86,0.89,17142,0.89
2021-09-10,0.87,0.88,0.86,0.86,31036,0.86
2021-09-09,0.85,0.87,0.84,0.87,23290,0.87
2021-09-08,0.82,0.85,0.82,0.85,22084,0.85
2021-09-07,0.82,0.83,0.82,0.83,12469,0.83
2021-09-06,0.81,0.81,0.8,0.81,20170,0.81
2021-09-03,0.81,0.81,0.8,0.81,25100,0.81
2021-09-02,0.79,0.81,0.79,0.81,18044,0.81
2021-09-01,0.8,0.8,0.79,0.79,20090,0.79
2021-08-31,0.77,0.8,0.77,0.8,13026,0.8
2021-08-30,0.77,0.77,0.77,0.77,15111,0.77
2021-08-27,0.77,0.77,0.76,0.77,9543,0.77
2021-08-26,0.76,0.77,0.76,0.77,44985,0.77
2021-08-25,0.75,0.76,0.75,0.76,25100,0.76
2021-08-24,0.75,0.75,0.75,0.75,25407,0.75
2021-08-23,0.75,0.75,0.75,0.75,3385,0.75
2021-08-20,0.74,0.74,0.73,0.74,14864,0.74
2021-08-19,0.75,0.75,0.74,0.74,12549,0.74
2021-08-18,0.74,0.75,0.74,0.75,13247,0.75
2021-08-17,0.76,0.76,0.74,0.75,25612,0.75
2021-08-16,0.76,0.76,0.75,0.76,26262,0.76
2021-08-13,0.75,0.75,0.75,0.75,6811,0.75
2021-08-12,0.74,0.75,0.74,0.75,24511,0.75
2021-08-11,0.72,0.74,0.72,0.74,9823,0.74
2021-08-10,0.72,0.72,0.72,0.72,20685,0.72
2021-08-09,0.71,0.73,0.71,0.72,18994,0.72
2021-08-06,0.71,0.71,0.7,0.71,16513,0.71
2021-08-05,0.71,0.72,0.71,0.71,10773,0.71
2021-08-04,0.7,0.71,0.7,0.71,8892,0.71
2021-08-03,0.71,0.71,0.7,0.7,6839,0.7
2021-08-02,0.71,0.71,0.69,0.71,14226,0.71
2021-07-30,0.71,0.72,0.7,0.71,22973,0.71
2021-07-29,0.71,0.71,0.71,0.71,18650,0.71
2021-07-28,0.71,0.71,0.7,0.71,17828,0.71
2021-07-27,0.73,0.73,0.71,0.71,9864,0.71
2021-07-26,0.75,0.75,0.73,0.73,12448,0.73
2021-07-23,0.75,0.75,0.75,0.75,14076,0.75
2021-07-22,0.75,0.75,0.75,0.75,34730,0.75
2021-07-21,0.75,0.75,0.74,0.75,45662,0.75
2021-07-20,0.75,0.75,0.74,0.75,19630,0.75
2021-07-19,0.77,0.77,0.75,0.75,16526,0.75
2021-07-16,0.74,0.75,0.74,0.75,12898,0.75
2021-07-15,0.74,0.75,0.74,0.74,13227,0.74
2021-07-14,0.74,0.75,0.74,0.75,26577,0.75
2021-07-13,0.74,0.74,0.73,0.74,32413,0.74
2021-07-12,0.74,0.74,0.74,0.74,23409,0.74
2021-07-09,0.73,0.74,0.73,0.74,1660,0.74
2021-07-08,0.75,0.75,0.73,0.73,5557,0.73
2021-07-07,0.75,0.75,0.74,0.75,15582,0.75
2021-07-06,0.74,0.75,0.74,0.75,16744,0.75
2021-07-05,0.75,0.75,0.74,0.74,3857,0.74
2021-07-02,0.76,0.79,0.75,0.75,7448,0.75
2021-07-01,0.75,0.76,0.75,0.76,3512,0.76
2021-06-30,0.75,0.75,0.75,0.75,14576,0.75
2021-06-29,0.75,0.75,0.74,0.75,11847,0.75
2021-06-28,0.76,0.76,0.75,0.75,19692,0.75
2021-06-25,0.76,0.76,0.75,0.76,62747,0.76
2021-06-24,0.76,0.76,0.75,0.76,29533,0.76
2021-06-23,0.75,0.76,0.75,0.76,24587,0.76
2021-06-22,0.75,0.75,0.75,0.75,3578,0.75
2021-06-21,0.73,0.75,0.73,0.75,5396,0.75
2021-06-18,0.75,0.75,0.74,0.75,2223,0.75
2021-06-17,0.75,0.76,0.75,0.75,2605,0.75
2021-06-16,0.75,0.76,0.75,0.75,1528,0.75
2021-06-15,0.76,0.76,0.75,0.75,2178,0.75
2021-06-11,0.76,0.76,0.76,0.76,7736,0.76
2021-06-10,0.76,0.77,0.76,0.76,707,0.76
2021-06-09,0.76,0.77,0.76,0.76,1340,0.76
2021-06-08,0.76,0.76,0.76,0.76,25077,0.76
2021-06-07,0.77,0.77,0.76,0.76,2743,0.76
2021-06-04,0.76,0.77,0.76,0.77,7399,0.77
2021-06-03,0.77,0.78,0.77,0.77,3199,0.77
2021-06-02,0.77,0.77,0.77,0.77,4579,0.77
2021-06-01,0.77,0.77,0.76,0.77,9292,0.77
2021-05-31,0.76,0.77,0.76,0.77,44606,0.77
2021-05-28,0.76,0.77,0.76,0.76,15809,0.76
2021-05-27,0.76,0.76,0.75,0.76,11263,0.76
2021-05-26,0.76,0.76,0.75,0.76,16637,0.76
2021-05-25,0.74,0.75,0.74,0.75,6097,0.75
2021-05-24,0.74,0.74,0.74,0.74,5850,0.74
2021-05-21,0.73,0.74,0.73,0.74,337,0.74
2021-05-20,0.73,0.74,0.73,0.73,2385,0.73
2021-05-19,0.74,0.75,0.74,0.74,1417,0.74
2021-05-18,0.74,0.74,0.74,0.74,2379,0.74
2021-05-17,0.74,0.75,0.74,0.74,6307,0.74
2021-05-14,0.74,0.74,0.74,0.74,3965,0.74
2021-05-13,0.74,0.74,0.74,0.74,11282,0.74
2021-05-12,0.73,0.74,0.73,0.74,6656,0.74
2021-05-11,0.74,0.74,0.72,0.73,5108,0.73
2021-05-10,0.73,0.74,0.73,0.74,4093,0.74
2021-05-07,0.73,0.74,0.72,0.73,8556,0.73
2021-05-06,0.72,0.73,0.72,0.73,3535,0.73
2021-04-30,0.72,0.72,0.72,0.72,1630,0.72
2021-04-29,0.72,0.73,0.72,0.72,1525,0.72
2021-04-28,0.72,0.72,0.71,0.72,36410,0.72
2021-04-27,0.71,0.71,0.71,0.71,13331,0.71
2021-04-26,0.72,0.72,0.71,0.71,19906,0.71
2021-04-23,0.72,0.72,0.71,0.72,8735,0.72
2021-04-22,0.72,0.73,0.72,0.72,16037,0.72
2021-04-21,0.72,0.72,0.72,0.72,21855,0.72
2021-04-20,0.72,0.72,0.72,0.72,18733,0.72
2021-04-19,0.72,0.72,0.72,0.72,25358,0.72
2021-04-16,0.71,0.72,0.71,0.72,6588,0.72
2021-04-15,0.71,0.71,0.71,0.71,577,0.71
2021-04-14,0.71,0.71,0.71,0.71,534,0.71
2021-04-13,0.71,0.71,0.71,0.71,765,0.71
2021-04-12,0.71,0.71,0.71,0.71,626,0.71
2021-04-09,0.71,0.71,0.71,0.71,2239,0.71
2021-04-08,0.72,0.72,0.71,0.71,611,0.71
2021-04-07,0.71,0.71,0.71,0.71,1346,0.71
2021-04-06,0.71,0.71,0.71,0.71,609,0.71
2021-04-02,0.71,0.71,0.71,0.71,591,0.71
2021-04-01,0.71,0.71,0.71,0.71,516,0.71
2021-03-31,0.71,0.71,0.71,0.71,725,0.71
2021-03-30,0.7,0.71,0.7,0.71,2009,0.71
2021-03-29,0.7,0.71,0.7,0.71,1396,0.71
2021-03-26,0.7,0.7,0.7,0.7,364,0.7
2021-03-25,0.7,0.7,0.69,0.7,399,0.7
2021-03-24,0.7,0.7,0.69,0.7,2312,0.7
2021-03-23,0.71,0.71,0.7,0.7,791,0.7
2021-03-22,0.71,0.71,0.71,0.71,15905,0.71
2021-03-19,0.71,0.71,0.7,0.71,3088,0.71
2021-03-18,0.71,0.72,0.71,0.71,5714,0.71
2021-03-17,0.72,0.72,0.71,0.71,5258,0.71
2021-03-16,0.72,0.72,0.71,0.72,2266,0.72
2021-03-15,0.71,0.72,0.71,0.71,8116,0.71
2021-03-12,0.7,0.71,0.7,0.71,10496,0.71
2021-03-11,0.69,0.7,0.69,0.69,5514,0.69
2021-03-10,0.69,0.69,0.68,0.68,2597,0.68
2021-03-09,0.69,0.69,0.68,0.69,5890,0.69
2021-03-08,0.7,0.71,0.69,0.69,10133,0.69
2021-03-05,0.7,0.7,0.69,0.7,5275,0.7
2021-03-04,0.71,0.71,0.7,0.71,41909,0.71
2021-03-03,0.69,0.71,0.69,0.71,39833,0.71
2021-03-02,0.69,0.7,0.69,0.69,10257,0.69
2021-03-01,0.69,0.69,0.69,0.69,10996,0.69
2021-02-26,0.7,0.7,0.68,0.69,17374,0.69
2021-02-25,0.68,0.71,0.68,0.7,20377,0.7
2021-02-24,0.68,0.69,0.68,0.68,4412,0.68
2021-02-23,0.69,0.7,0.68,0.68,11440,0.68
2021-02-22,0.68,0.7,0.68,0.69,14638,0.69
2021-02-19,0.67,0.68,0.67,0.68,37827,0.68
2021-02-18,0.66,0.67,0.66,0.67,15629,0.67
2021-02-10,0.66,0.66,0.66,0.66,5342,0.66
2021-02-09,0.65,0.66,0.65,0.65,7451,0.65
2021-02-08,0.65,0.66,0.65,0.65,2480,0.65
2021-02-05,0.65,0.65,0.65,0.65,27662,0.65
2021-02-04,0.64,0.65,0.64,0.64,6861,0.64
2021-02-03,0.65,0.65,0.64,0.65,127324,0.65
2021-02-02,0.65,0.65,0.64,0.65,7048,0.65
2021-02-01,0.64,0.65,0.64,0.65,3893,0.65
2021-01-29,0.64,0.65,0.64,0.64,6663,0.64
2021-01-28,0.65,0.65,0.64,0.64,1714,0.64
2021-01-27,0.65,0.66,0.65,0.65,8897,0.65
2021-01-26,0.65,0.65,0.65,0.65,4545,0.65
2021-01-25,0.66,0.66,0.65,0.65,5613,0.65
2021-01-22,0.67,0.67,0.66,0.66,5600,0.66
2021-01-21,0.67,0.67,0.67,0.67,18574,0.67
2021-01-20,0.68,0.68,0.67,0.67,29503,0.67
2021-01-19,0.67,0.68,0.66,0.68,16124,0.68
2021-01-18,0.67,0.67,0.66,0.67,12119,0.67
2021-01-15,0.66,0.67,0.66,0.67,19021,0.67
2021-01-14,0.66,0.67,0.66,0.66,4664,0.66
2021-01-13,0.66,0.66,0.66,0.66,3761,0.66
2021-01-12,0.66,0.66,0.66,0.66,13957,0.66
2021-01-11,0.67,0.67,0.66,0.66,11663,0.66
2021-01-08,0.67,0.67,0.66,0.67,9128,0.67
2021-01-07,0.67,0.67,0.66,0.67,17780,0.67
2021-01-06,0.66,0.67,0.66,0.67,18084,0.67
2021-01-05,0.66,0.66,0.65,0.66,3639,0.66
2021-01-04,0.67,0.67,0.66,0.66,4878,0.66
2020-12-31,0.66,0.67,0.66,0.66,8114,0.66
2020-12-30,0.66,0.66,0.66,0.66,126,0.66
2020-12-29,0.66,0.66,0.66,0.66,716,0.66
2020-12-28,0.67,0.67,0.66,0.66,1753,0.66
2020-12-25,0.66,0.67,0.66,0.67,9576,0.67
2020-12-24,0.67,0.67,0.66,0.66,911,0.66
2020-12-23,0.67,0.67,0.66,0.67,1779,0.67
2020-12-22,0.67,0.68,0.67,0.67,868,0.67
2020-12-21,0.68,0.68,0.68,0.68,3490,0.68
2020-12-18,0.68,0.68,0.68,0.68,2127,0.68
2020-12-17,0.67,0.68,0.67,0.68,714,0.68
2020-12-16,0.68,0.68,0.67,0.67,701,0.67
2020-12-15,0.68,0.68,0.67,0.68,928,0.68
2020-12-14,0.68,0.68,0.68,0.68,884,0.68
2020-12-11,0.68,0.69,0.68,0.68,26280,0.68
2020-12-10,0.69,0.69,0.68,0.68,80,0.68
2020-12-09,0.69,0.69,0.68,0.69,776,0.69
2020-12-08,0.69,0.7,0.69,0.69,662,0.69
2020-12-07,0.7,0.7,0.69,0.69,1161,0.69
2020-12-04,0.7,0.7,0.7,0.7,887,0.7
2020-12-03,0.71,0.71,0.71,0.71,174,0.71
2020-12-02,0.71,0.71,0.71,0.71,697,0.71
2020-12-01,0.72,0.72,0.7,0.71,1676,0.71
2020-11-30,0.72,0.72,0.71,0.72,720,0.72
2020-11-27,0.71,0.71,0.7,0.71,1197,0.71
2020-11-26,0.71,0.71,0.7,0.71,2479,0.71
2020-11-25,0.72,0.72,0.71,0.71,20562,0.71
2020-11-24,0.72,0.72,0.71,0.71,12297,0.71
2020-11-23,0.71,0.72,0.71,0.72,7169,0.72
2020-11-20,0.7,0.71,0.7,0.71,7710,0.71
2020-11-19,0.71,0.71,0.7,0.71,2916,0.71
2020-11-18,0.71,0.71,0.71,0.71,15032,0.71
2020-11-17,0.71,0.71,0.7,0.71,12490,0.71
2020-11-16,0.69,0.71,0.69,0.71,6304,0.71
2020-11-13,0.69,0.69,0.68,0.68,297,0.68
2020-11-12,0.69,0.7,0.69,0.7,2208,0.7
2020-11-11,0.69,0.7,0.69,0.69,4484,0.69
2020-11-10,0.69,0.69,0.69,0.69,4653,0.69
2020-11-09,0.68,0.69,0.68,0.69,7897,0.69
2020-11-06,0.68,0.68,0.67,0.68,1726,0.68
2020-11-05,0.67,0.68,0.67,0.68,10524,0.68
2020-11-04,0.66,0.67,0.66,0.67,2507,0.67
2020-11-03,0.66,0.66,0.66,0.66,271,0.66
2020-11-02,0.65,0.66,0.65,0.66,1083,0.66
2020-10-30,0.66,0.66,0.65,0.65,2252,0.65
2020-10-29,0.65,0.66,0.65,0.66,733,0.66
2020-10-28,0.65,0.65,0.65,0.65,490,0.65
2020-10-27,0.66,0.66,0.65,0.66,325,0.66
2020-10-26,0.66,0.66,0.65,0.66,1020,0.66
2020-10-23,0.66,0.66,0.66,0.66,1657,0.66
2020-10-22,0.66,0.66,0.66,0.66,5163,0.66
2020-10-21,0.66,0.67,0.66,0.67,27525,0.67
2020-10-20,0.66,0.66,0.66,0.66,5335,0.66
2020-10-19,0.67,0.68,0.66,0.66,18602,0.66
2020-10-16,0.66,0.67,0.66,0.67,31098,0.67
2020-10-15,0.66,0.67,0.66,0.66,15442,0.66
2020-10-14,0.67,0.67,0.66,0.66,5259,0.66
2020-10-13,0.66,0.67,0.66,0.67,20026,0.67
2020-10-12,0.65,0.67,0.65,0.66,3751,0.66
2020-10-09,0.65,0.66,0.65,0.65,3208,0.65
2020-09-30,0.65,0.65,0.64,0.64,3729,0.64
2020-09-29,0.65,0.65,0.65,0.65,30296,0.65
2020-09-28,0.65,0.65,0.65,0.65,52771,0.65
2020-09-25,0.65,0.65,0.64,0.65,13563,0.65
2020-09-24,0.66,0.66,0.65,0.65,27925,0.65
2020-09-23,0.66,0.66,0.66,0.66,12108,0.66
2020-09-22,0.66,0.66,0.66,0.66,1136,0.66
2020-09-21,0.67,0.67,0.67,0.67,1097,0.67
2020-09-18,0.66,0.67,0.66,0.67,5519,0.67
2020-09-17,0.66,0.66,0.66,0.66,26104,0.66
2020-09-16,0.65,0.66,0.65,0.66,861,0.66
2020-09-15,0.65,0.69,0.65,0.66,1038,0.66
2020-09-14,0.66,0.66,0.65,0.65,3432,0.65
2020-09-11,0.65,0.65,0.65,0.65,266,0.65
2020-09-10,0.66,0.66,0.65,0.65,5825,0.65
2020-09-09,0.67,0.67,0.65,0.66,963,0.66
2020-09-08,0.66,0.67,0.66,0.67,7517,0.67
2020-09-07,0.67,0.67,0.66,0.66,14333,0.66
2020-09-04,0.67,0.67,0.66,0.67,13192,0.67
2020-09-03,0.67,0.68,0.67,0.67,108315,0.67
2020-09-02,0.68,0.68,0.67,0.68,8894,0.68
2020-09-01,0.68,0.68,0.68,0.68,73712,0.68
2020-08-31,0.69,0.69,0.68,0.68,7759,0.68
2020-08-28,0.68,0.69,0.68,0.69,35206,0.69
2020-08-27,0.68,0.68,0.67,0.68,4939,0.68
2020-08-26,0.69,0.69,0.68,0.68,22323,0.68
2020-08-25,0.69,0.7,0.69,0.69,14206,0.69
2020-08-24,0.69,0.69,0.69,0.69,12681,0.69
2020-08-21,0.69,0.69,0.68,0.69,14886,0.69
2020-08-20,0.69,0.69,0.69,0.69,12616,0.69
2020-08-19,0.7,0.7,0.69,0.7,35213,0.7
2020-08-18,0.7,0.7,0.7,0.7,7186,0.7
2020-08-17,0.68,0.7,0.68,0.7,11204,0.7
2020-08-14,0.67,0.68,0.67,0.68,9999,0.68
2020-08-13,0.67,0.68,0.67,0.68,2564,0.68
2020-08-12,0.67,0.67,0.66,0.67,2150,0.67
2020-08-11,0.68,0.68,0.67,0.67,18960,0.67
2020-08-10,0.67,0.68,0.67,0.68,1808,0.68
2020-08-07,0.67,0.67,0.66,0.67,899,0.67
2020-08-06,0.67,0.67,0.67,0.67,1014,0.67
2020-08-05,0.67,0.67,0.67,0.67,3805,0.67
2020-08-04,0.67,0.68,0.67,0.67,6778,0.67
2020-08-03,0.66,0.67,0.66,0.67,32638,0.67
2020-07-31,0.65,0.66,0.65,0.66,63964,0.66
2020-07-30,0.65,0.65,0.65,0.65,11535,0.65
2020-07-29,0.63,0.65,0.63,0.65,4207,0.65
2020-07-28,0.64,0.64,0.63,0.64,5059,0.64
2020-07-27,0.64,0.64,0.63,0.63,40279,0.63
2020-07-24,0.65,0.66,0.63,0.64,10573,0.64
2020-07-23,0.66,0.66,0.65,0.66,16733,0.66
2020-07-22,0.66,0.67,0.66,0.66,23074,0.66
2020-07-21,0.66,0.67,0.66,0.66,31687,0.66
2020-07-20,0.64,0.67,0.64,0.66,14873,0.66
2020-07-17,0.64,0.65,0.64,0.64,29387,0.64
2020-07-16,0.65,0.67,0.64,0.64,55673,0.64
2020-07-15,0.66,0.66,0.64,0.65,98192,0.65
2020-07-14,0.66,0.66,0.65,0.66,70687,0.66
2020-07-13,0.64,0.66,0.64,0.66,46888,0.66
2020-07-10,0.66,0.66,0.64,0.64,70846,0.64
2020-07-09,0.65,0.66,0.65,0.66,48018,0.66
2020-07-08,0.66,0.66,0.64,0.65,25717,0.65
2020-07-07,0.65,0.68,0.65,0.65,79218,0.65
2020-07-06,0.61,0.65,0.61,0.65,90350,0.65
2020-07-03,0.6,0.61,0.6,0.61,68792,0.61
2020-07-02,0.59,0.6,0.59,0.6,66628,0.6
2020-07-01,0.57,0.59,0.57,0.59,67359,0.59
2020-06-30,0.57,0.57,0.57,0.57,57500,0.57
2020-06-29,0.57,0.57,0.57,0.57,17322,0.57
2020-06-24,0.57,0.57,0.57,0.57,67014,0.57
2020-06-23,0.57,0.57,0.57,0.57,29144,0.57
2020-06-22,0.57,0.57,0.57,0.57,42782,0.57
2020-06-19,0.57,0.57,0.57,0.57,75724,0.57
2020-06-18,0.57,0.57,0.57,0.57,28553,0.57
2020-06-17,0.56,0.57,0.56,0.57,20223,0.57
2020-06-16,0.56,0.57,0.56,0.57,20340,0.57
2020-06-15,0.56,0.56,0.56,0.56,38328,0.56
2020-06-12,0.56,0.56,0.56,0.56,31731,0.56
2020-06-11,0.57,0.57,0.56,0.56,27779,0.56
2020-06-10,0.57,0.57,0.57,0.57,21600,0.57
2020-06-09,0.57,0.57,0.57,0.57,30203,0.57
2020-06-08,0.56,0.57,0.56,0.57,25038,0.57
2020-06-05,0.56,0.56,0.56,0.56,27252,0.56
2020-06-04,0.56,0.57,0.56,0.56,74873,0.56
2020-06-03,0.57,0.57,0.56,0.56,21320,0.56
2020-06-02,0.57,0.57,0.56,0.56,16283,0.56
2020-06-01,0.56,0.56,0.55,0.56,34155,0.56
2020-05-29,0.55,0.56,0.55,0.55,40254,0.55
2020-05-28,0.55,0.56,0.55,0.55,15250,0.55
2020-05-27,0.55,0.55,0.55,0.55,6296,0.55
2020-05-26,0.55,0.55,0.55,0.55,48617,0.55
2020-05-25,0.54,0.55,0.54,0.55,36008,0.55
2020-05-22,0.55,0.55,0.54,0.55,19258,0.55
2020-05-21,0.56,0.56,0.56,0.56,26346,0.56
2020-05-20,0.56,0.56,0.56,0.56,14249,0.56
2020-05-19,0.55,0.57,0.53,0.56,2597,0.56
2020-05-18,0.55,0.56,0.55,0.56,17408,0.56
2020-05-15,0.56,0.56,0.55,0.55,3219,0.55
2020-05-14,0.56,0.56,0.55,0.56,24313,0.56
2020-05-13,0.56,0.56,0.56,0.56,14271,0.56
2020-05-12,0.56,0.57,0.56,0.56,13929,0.56
2020-05-11,0.56,0.57,0.56,0.56,66356,0.56
2020-05-08,0.56,0.56,0.56,0.56,11763,0.56
2020-05-07,0.56,0.56,0.56,0.56,18762,0.56
2020-05-06,0.56,0.56,0.55,0.56,40886,0.56
2020-04-30,0.55,0.56,0.55,0.56,2754,0.56
2020-04-29,0.55,0.55,0.55,0.55,28884,0.55
2020-04-28,0.55,0.55,0.54,0.54,1902,0.54
2020-04-27,0.54,0.55,0.54,0.54,9375,0.54
2020-04-24,0.54,0.54,0.54,0.54,5652,0.54
2020-04-23,0.54,0.55,0.54,0.54,4408,0.54
2020-04-22,0.54,0.54,0.54,0.54,6825,0.54
2020-04-21,0.55,0.55,0.54,0.54,49627,0.54
2020-04-20,0.55,0.55,0.54,0.55,26344,0.55
2020-04-17,0.54,0.55,0.54,0.55,28643,0.55
2020-04-16,0.54,0.54,0.54,0.54,13126,0.54
2020-04-15,0.55,0.55,0.54,0.54,11417,0.54
2020-04-14,0.55,0.55,0.54,0.55,635,0.55
2020-04-13,0.54,0.54,0.54,0.54,9203,0.54
2020-04-10,0.55,0.55,0.54,0.54,7638,0.54
2020-04-09,0.54,0.55,0.54,0.55,10536,0.55
2020-04-08,0.55,0.55,0.54,0.54,11757,0.54
2020-04-07,0.54,0.55,0.54,0.55,1908,0.55
2020-04-03,0.54,0.54,0.54,0.54,10364,0.54
2020-04-02,0.53,0.54,0.53,0.54,9946,0.54
2020-04-01,0.54,0.54,0.53,0.53,24703,0.53
2020-03-31,0.54,0.54,0.53,0.54,24972,0.54
2020-03-30,0.53,0.54,0.53,0.54,20093,0.54
2020-03-27,0.54,0.55,0.54,0.54,7080,0.54
2020-03-26,0.54,0.54,0.52,0.54,17710,0.54
2020-03-25,0.53,0.54,0.53,0.54,31859,0.54
2020-03-24,0.52,0.53,0.52,0.53,22263,0.53
2020-03-23,0.53,0.53,0.52,0.52,49148,0.52
2020-03-20,0.53,0.53,0.53,0.53,17940,0.53
2020-03-19,0.53,0.53,0.51,0.52,57969,0.52
2020-03-18,0.54,0.55,0.53,0.53,18183,0.53
2020-03-17,0.55,0.55,0.53,0.54,24689,0.54
2020-03-16,0.56,0.56,0.54,0.54,31696,0.54
2020-03-13,0.56,0.56,0.54,0.55,16230,0.55
2020-03-12,0.57,0.57,0.56,0.56,29857,0.56
2020-03-11,0.58,0.58,0.57,0.57,17998,0.57
2020-03-10,0.57,0.58,0.57,0.58,21441,0.58
2020-03-09,0.58,0.58,0.57,0.57,13636,0.57
2020-03-06,0.59,0.59,0.58,0.59,13204,0.59
2020-03-05,0.59,0.6,0.59,0.59,5210,0.59
2020-03-04,0.58,0.59,0.58,0.59,19250,0.59
2020-03-03,0.59,0.59,0.58,0.58,13078,0.58
2020-03-02,0.57,0.58,0.57,0.58,14932,0.58
2020-02-28,0.57,0.57,0.56,0.56,36003,0.56
2020-02-27,0.57,0.58,0.57,0.57,21949,0.57
2020-02-26,0.56,0.58,0.56,0.57,23723,0.57
2020-02-25,0.56,0.57,0.55,0.57,23463,0.57
2020-02-24,0.58,0.58,0.57,0.57,41004,0.57
2020-02-21,0.57,0.58,0.57,0.58,25554,0.58
2020-02-20,0.57,0.58,0.57,0.58,180420,0.58
2020-02-19,0.57,0.58,0.57,0.57,12713,0.57
2020-02-18,0.57,0.58,0.57,0.57,18734,0.57
2020-02-17,0.57,0.58,0.57,0.58,9207,0.58
2020-02-14,0.56,0.57,0.56,0.57,4077,0.57
2020-02-13,0.56,0.57,0.56,0.56,12043,0.56
2020-02-12,0.56,0.56,0.56,0.56,3881,0.56
2020-02-11,0.56,0.56,0.56,0.56,10005,0.56
2020-02-10,0.55,0.56,0.55,0.56,4752,0.56
2020-02-07,0.56,0.56,0.54,0.55,15774,0.55
2020-02-06,0.55,0.55,0.55,0.55,9592,0.55
2020-02-05,0.54,0.55,0.54,0.55,7023,0.55
2020-02-04,0.53,0.54,0.53,0.54,67132,0.54
2020-02-03,0.56,0.56,0.52,0.52,22880,0.52
2020-01-23,0.59,0.59,0.58,0.58,13167,0.58
2020-01-22,0.59,0.6,0.59,0.59,33587,0.59
2020-01-21,0.6,0.6,0.59,0.59,9754,0.59
2020-01-20,0.6,0.6,0.6,0.6,16570,0.6
2020-01-17,0.61,0.61,0.6,0.6,24071,0.6
2020-01-16,0.61,0.61,0.6,0.6,17115,0.6
2020-01-15,0.61,0.61,0.61,0.61,23523,0.61
2020-01-14,0.61,0.61,0.61,0.61,36876,0.61
2020-01-13,0.61,0.61,0.61,0.61,22002,0.61
2020-01-10,0.61,0.61,0.61,0.61,27058,0.61
2020-01-09,0.61,0.61,0.61,0.61,59845,0.61
2020-01-08,0.61,0.61,0.6,0.61,40401,0.61
2020-01-07,0.61,0.61,0.61,0.61,56562,0.61
2020-01-06,0.61,0.62,0.61,0.61,121321,0.61
2020-01-03,0.61,0.61,0.61,0.61,70568,0.61
2020-01-02,0.6,0.62,0.6,0.61,76885,0.61
2019-12-31,0.6,0.61,0.6,0.61,157902,0.61
2019-12-30,0.6,0.6,0.6,0.6,72124,0.6
2019-12-27,0.59,0.6,0.59,0.59,18372,0.59
2019-12-26,0.59,0.59,0.59,0.59,4030,0.59
2019-12-25,0.59,0.59,0.59,0.59,26357,0.59
2019-12-24,0.59,0.59,0.58,0.59,21697,0.59
2019-12-23,0.59,0.6,0.59,0.59,80727,0.59
2019-12-20,0.59,0.6,0.59,0.59,82159,0.59
2019-12-19,0.59,0.6,0.59,0.59,130299,0.59
2019-12-18,0.59,0.6,0.59,0.59,175713,0.59
2019-12-17,0.59,0.6,0.59,0.59,106056,0.59
2019-12-16,0.58,0.59,0.58,0.59,13877,0.59
2019-12-13,0.58,0.59,0.58,0.59,49355,0.59
2019-12-12,0.58,0.58,0.58,0.58,11619,0.58
2019-12-11,0.58,0.58,0.58,0.58,94036,0.58
2019-12-10,0.58,0.58,0.58,0.58,7922,0.58
2019-12-09,0.58,0.58,0.58,0.58,3535,0.58
2019-12-06,0.58,0.58,0.58,0.58,1334,0.58
2019-12-05,0.58,0.58,0.57,0.58,468,0.58
2019-12-04,0.57,0.58,0.57,0.57,869,0.57
2019-12-03,0.57,0.58,0.57,0.58,4874,0.58
2019-12-02,0.57,0.58,0.57,0.57,14683,0.57
2019-11-29,0.57,0.57,0.57,0.57,10249,0.57
2019-11-28,0.58,0.58,0.57,0.57,3109,0.57
2019-11-27,0.58,0.58,0.58,0.58,4160,0.58
2019-11-26,0.58,0.58,0.58,0.58,4938,0.58
2019-11-25,0.57,0.58,0.57,0.58,6251,0.58
2019-11-22,0.57,0.57,0.57,0.57,10850,0.57
2019-11-21,0.57,0.57,0.57,0.57,1323,0.57
2019-11-20,0.57,0.57,0.57,0.57,14474,0.57
2019-11-19,0.57,0.57,0.57,0.57,14588,0.57
2019-11-18,0.56,0.57,0.56,0.57,72368,0.57
2019-11-15,0.56,0.56,0.56,0.56,5297,0.56
2019-11-14,0.56,0.56,0.56,0.56,13234,0.56
2019-11-13,0.56,0.56,0.56,0.56,15017,0.56
2019-11-12,0.57,0.57,0.56,0.57,30202,0.57
2019-11-11,0.57,0.57,0.57,0.57,32715,0.57
2019-11-08,0.58,0.58,0.57,0.57,24745,0.57
2019-11-07,0.58,0.58,0.58,0.58,89096,0.58
2019-11-06,0.58,0.58,0.58,0.58,5283,0.58
2019-11-05,0.57,0.58,0.57,0.58,9536,0.58
2019-11-04,0.58,0.58,0.57,0.57,1817,0.57
2019-11-01,0.57,0.57,0.57,0.57,10110,0.57
2019-10-31,0.57,0.57,0.57,0.57,11893,0.57
2019-10-30,0.57,0.57,0.57,0.57,13798,0.57
2019-10-29,0.57,0.58,0.57,0.57,7113,0.57
2019-10-28,0.58,0.58,0.57,0.58,10719,0.58
2019-10-25,0.57,0.57,0.57,0.57,4383,0.57
2019-10-24,0.57,0.57,0.57,0.57,7143,0.57
2019-10-23,0.57,0.57,0.57,0.57,13693,0.57
2019-10-22,0.57,0.57,0.57,0.57,3107,0.57
2019-10-21,0.57,0.57,0.57,0.57,16641,0.57
2019-10-18,0.58,0.58,0.57,0.57,38173,0.57
2019-10-17,0.58,0.58,0.58,0.58,27055,0.58
2019-10-16,0.58,0.58,0.58,0.58,11687,0.58
2019-10-15,0.58,0.58,0.58,0.58,7136,0.58
2019-10-14,0.58,0.58,0.58,0.58,27592,0.58
2019-10-11,0.57,0.58,0.57,0.58,17235,0.58
2019-10-10,0.57,0.57,0.57,0.57,7516,0.57
2019-10-09,0.56,0.57,0.56,0.57,25385,0.57
2019-10-08,0.56,0.57,0.56,0.56,42259,0.56
2019-09-30,0.57,0.58,0.56,0.56,105002,0.56
2019-09-27,0.56,0.56,0.56,0.56,38126,0.56
2019-09-26,0.56,0.57,0.56,0.56,32676,0.56
2019-09-25,0.57,0.57,0.56,0.56,70067,0.56
2019-09-24,0.57,0.57,0.57,0.57,25767,0.57
2019-09-23,0.57,0.57,0.56,0.57,45264,0.57
2019-09-20,0.57,0.57,0.57,0.57,17144,0.57
2019-09-19,0.57,0.57,0.57,0.57,7259,0.57
2019-09-18,0.57,0.57,0.57,0.57,12301,0.57
2019-09-17,0.57,0.57,0.57,0.57,44383,0.57
2019-09-16,0.58,0.58,0.57,0.58,19618,0.58
2019-09-12,0.57,0.58,0.57,0.58,96909,0.58
2019-09-11,0.57,0.57,0.57,0.57,27977,0.57
2019-09-10,0.57,0.57,0.57,0.57,26340,0.57
2019-09-09,0.58,0.58,0.57,0.57,53685,0.57
2019-09-06,0.57,0.57,0.57,0.57,67586,0.57
2019-09-05,0.57,0.57,0.57,0.57,77235,0.57
2019-09-04,0.56,0.56,0.56,0.56,24844,0.56
2019-09-03,0.56,0.56,0.56,0.56,28705,0.56
2019-09-02,0.56,0.56,0.56,0.56,32331,0.56
2019-08-30,0.56,0.56,0.56,0.56,58445,0.56
2019-08-29,0.57,0.57,0.56,0.56,227786,0.56
2019-08-28,0.56,0.56,0.56,0.56,123964,0.56
2019-08-27,0.56,0.57,0.56,0.56,28601,0.56
2019-08-26,0.56,0.56,0.55,0.56,168330,0.56
2019-08-23,0.56,0.56,0.56,0.56,14160,0.56
2019-08-22,0.56,0.56,0.56,0.56,5317,0.56
2019-08-21,0.56,0.56,0.56,0.56,5567,0.56
2019-08-20,0.56,0.56,0.56,0.56,20297,0.56
2019-08-19,0.55,0.56,0.55,0.56,19280,0.56
2019-08-16,0.55,0.55,0.55,0.55,27356,0.55
2019-08-15,0.55,0.55,0.54,0.55,24643,0.55
2019-08-14,0.55,0.55,0.55,0.55,16528,0.55
2019-08-13,0.55,0.55,0.55,0.55,15109,0.55
2019-08-12,0.55,0.55,0.55,0.55,14921,0.55
2019-08-09,0.55,0.55,0.55,0.55,11988,0.55
2019-08-08,0.55,0.55,0.55,0.55,2909,0.55
2019-08-07,0.55,0.56,0.54,0.54,17811,0.54
2019-08-06,0.55,0.55,0.54,0.55,35796,0.55
2019-08-05,0.56,0.56,0.55,0.55,30705,0.55
2019-08-02,0.57,0.57,0.56,0.56,24139,0.56
2019-08-01,0.57,0.57,0.57,0.57,22264,0.57
2019-07-31,0.58,0.58,0.57,0.57,26192,0.57
2019-07-30,0.58,0.58,0.58,0.58,35701,0.58
2019-07-29,0.57,0.58,0.57,0.58,15560,0.58
2019-07-26,0.57,0.58,0.57,0.58,20794,0.58
2019-07-25,0.57,0.57,0.57,0.57,8906,0.57
2019-07-24,0.57,0.57,0.57,0.57,73074,0.57
2019-07-23,0.57,0.57,0.57,0.57,13013,0.57
2019-07-22,0.57,0.57,0.56,0.57,24748,0.57
2019-07-19,0.57,0.57,0.57,0.57,8842,0.57
2019-07-18,0.57,0.57,0.57,0.57,46877,0.57
2019-07-17,0.57,0.57,0.57,0.57,39391,0.57
2019-07-16,0.57,0.57,0.57,0.57,6282,0.57
2019-07-15,0.56,0.57,0.56,0.57,22611,0.57
2019-07-12,0.56,0.57,0.56,0.57,10846,0.57
2019-07-11,0.57,0.57,0.56,0.56,26761,0.56
2019-07-10,0.57,0.57,0.56,0.56,20246,0.56
2019-07-09,0.57,0.57,0.57,0.57,6959,0.57
2019-07-08,0.58,0.58,0.55,0.57,29253,0.57
2019-07-05,0.58,0.58,0.58,0.58,3857,0.58
2019-07-04,0.58,0.58,0.58,0.58,2497,0.58
2019-07-03,0.57,0.58,0.57,0.58,5375,0.58
2019-07-02,0.57,0.58,0.57,0.58,16074,0.58
2019-07-01,0.56,0.58,0.56,0.57,3750,0.57
2019-06-28,0.56,0.57,0.56,0.56,17325,0.56
2019-06-27,0.56,0.57,0.56,0.56,17190,0.56
2019-06-26,0.56,0.56,0.56,0.56,3771,0.56
2019-06-25,0.57,0.57,0.56,0.56,10291,0.56
2019-06-24,0.57,0.57,0.57,0.57,5507,0.57
2019-06-21,0.57,0.57,0.57,0.57,8766,0.57
2019-06-20,0.56,0.57,0.56,0.57,13941,0.57
2019-06-19,0.56,0.56,0.56,0.56,25743,0.56
2019-06-18,0.55,0.55,0.55,0.55,18934,0.55
2019-06-17,0.55,0.55,0.55,0.55,14966,0.55
2019-06-14,0.56,0.56,0.55,0.55,10004,0.55
2019-06-13,0.56,0.56,0.55,0.56,4406,0.56
2019-06-12,0.56,0.56,0.56,0.56,17930,0.56
2019-06-11,0.55,0.56,0.55,0.56,6015,0.56
2019-06-10,0.55,0.55,0.55,0.55,7758,0.55
2019-06-06,0.55,0.55,0.55,0.55,9314,0.55
2019-06-05,0.55,0.55,0.55,0.55,11107,0.55
2019-06-04,0.55,0.55,0.55,0.55,5934,0.55
2019-06-03,0.55,0.56,0.55,0.55,10876,0.55
2019-05-31,0.55,0.56,0.55,0.55,101914,0.55
2019-05-30,0.55,0.55,0.55,0.55,25819,0.55
2019-05-29,0.55,0.55,0.55,0.55,8884,0.55
2019-05-28,0.55,0.56,0.55,0.55,8485,0.55
2019-05-27,0.54,0.55,0.54,0.55,29764,0.55
2019-05-24,0.54,0.55,0.54,0.54,14028,0.54
2019-05-23,0.54,0.55,0.54,0.54,36460,0.54
2019-05-22,0.55,0.55,0.55,0.55,21872,0.55
2019-05-21,0.54,0.55,0.54,0.55,15248,0.55
2019-05-20,0.55,0.55,0.54,0.54,25802,0.54
2019-05-17,0.56,0.56,0.55,0.55,25169,0.55
2019-05-16,0.55,0.56,0.55,0.56,15058,0.56
2019-05-15,0.55,0.56,0.55,0.56,24249,0.56
2019-05-14,0.55,0.55,0.53,0.55,18489,0.55
2019-05-13,0.55,0.55,0.55,0.55,19251,0.55
2019-05-10,0.55,0.56,0.54,0.56,43290,0.56
2019-05-09,0.55,0.55,0.54,0.54,26740,0.54
2019-05-08,0.55,0.56,0.54,0.55,19354,0.55
2019-05-07,0.56,0.56,0.55,0.56,35449,0.56
2019-05-06,0.55,0.58,0.54,0.56,109458,0.56
2019-04-30,0.57,0.58,0.57,0.58,12890,0.58
2019-04-29,0.57,0.58,0.57,0.57,16969,0.57
2019-04-26,0.58,0.58,0.57,0.57,112001,0.57
2019-04-25,0.59,0.59,0.58,0.58,29853,0.58
2019-04-24,0.59,0.59,0.59,0.59,37690,0.59
2019-04-23,0.6,0.6,0.59,0.59,37540,0.59
2019-04-22,0.61,0.61,0.59,0.6,20365,0.6
2019-04-19,0.61,0.61,0.6,0.61,25611,0.61
2019-04-18,0.61,0.61,0.61,0.61,42730,0.61
2019-04-17,0.62,0.62,0.61,0.61,14899,0.61
2019-04-16,0.6,0.61,0.59,0.61,46169,0.61
2019-04-15,0.61,0.63,0.6,0.6,43660,0.6
2019-04-12,0.61,0.61,0.6,0.61,12795,0.61
2019-04-11,0.62,0.62,0.61,0.61,30535,0.61
2019-04-10,0.61,0.62,0.61,0.62,17102,0.62
2019-04-09,0.61,0.61,0.61,0.61,14156,0.61
2019-04-08,0.61,0.62,0.6,0.61,41192,0.61
2019-04-04,0.6,0.61,0.6,0.61,13385,0.61
2019-04-03,0.59,0.61,0.59,0.6,21610,0.6
2019-04-02,0.6,0.6,0.6,0.6,15014,0.6
2019-04-01,0.6,0.6,0.59,0.6,46019,0.6
2019-03-29,0.57,0.59,0.57,0.59,38740,0.59
2019-03-28,0.57,0.57,0.57,0.57,18979,0.57
2019-03-27,0.57,0.57,0.56,0.57,43716,0.57
2019-03-26,0.57,0.58,0.56,0.57,23206,0.57
2019-03-25,0.58,0.58,0.57,0.57,17323,0.57
2019-03-22,0.58,0.58,0.57,0.58,33004,0.58
2019-03-21,0.57,0.58,0.57,0.58,24552,0.58
2019-03-20,0.57,0.58,0.57,0.58,34155,0.58
2019-03-19,0.58,0.58,0.57,0.58,23070,0.58
2019-03-18,0.56,0.58,0.56,0.58,37232,0.58
2019-03-15,0.55,0.56,0.55,0.56,41023,0.56
2019-03-14,0.55,0.56,0.55,0.55,57945,0.55
2019-03-13,0.56,0.56,0.55,0.56,59674,0.56
2019-03-12,0.55,0.56,0.55,0.56,33888,0.56
2019-03-11,0.54,0.55,0.54,0.55,40726,0.55
2019-03-08,0.56,0.56,0.54,0.54,51811,0.54
2019-03-07,0.57,0.57,0.56,0.57,60382,0.57
2019-03-06,0.56,0.57,0.56,0.57,67813,0.57
2019-03-05,0.56,0.56,0.55,0.56,61024,0.56
2019-03-04,0.55,0.57,0.55,0.56,62721,0.56
2019-03-01,0.54,0.55,0.54,0.55,50057,0.55
2019-02-28,0.54,0.55,0.54,0.54,65663,0.54
2019-02-27,0.54,0.55,0.54,0.55,63472,0.55
2019-02-26,0.55,0.55,0.54,0.54,89123,0.54
2019-02-25,0.53,0.55,0.53,0.55,114679,0.55
2019-02-22,0.52,0.53,0.52,0.53,67564,0.53
2019-02-21,0.53,0.53,0.52,0.52,110962,0.52
2019-02-20,0.53,0.53,0.52,0.53,83425,0.53
2019-02-19,0.53,0.53,0.52,0.53,186497,0.53
2019-02-18,0.52,0.53,0.52,0.53,674672,0.53
2019-02-15,0.53,0.53,0.52,0.52,204129,0.52
2019-02-14,0.53,0.53,0.52,0.53,167734,0.53
2019-02-13,0.52,0.53,0.52,0.53,151193,0.53
2019-02-12,0.52,0.52,0.52,0.52,121299,0.52
2019-02-11,0.51,0.52,0.51,0.52,100244,0.52
2019-02-01,0.51,0.51,0.51,0.51,124237,0.51
2019-01-31,0.51,0.51,0.51,0.51,86907,0.51
2019-01-30,0.51,0.51,0.51,0.51,110679,0.51
2019-01-29,0.5,0.51,0.5,0.51,76703,0.51
2019-01-28,0.51,0.51,0.5,0.51,87140,0.51
2019-01-25,0.5,0.51,0.5,0.51,245661,0.51
2019-01-24,0.5,0.5,0.5,0.5,310158,0.5
2019-01-23,0.5,0.5,0.5,0.5,174368,0.5
2019-01-22,0.5,0.5,0.5,0.5,150599,0.5
2019-01-21,0.5,0.5,0.5,0.5,765523,0.5
2019-01-18,0.5,0.5,0.5,0.5,3244582,0.5
